"","word","n","nusers"
"1","reddit",143,1
"2","time",104,2
"3","people",95,2
"4","team",66,2
"5","lot",64,2
"6","users",63,1
"7","content",59,2
"8","community",55,1
"9","communities",53,2
"10","love",49,2
"11","post",45,2
"12","www.reddit.com",41,1
"13","comments",40,2
"14","feel",37,2
"15","posts",37,1
"16","hard",35,2
"17","life",34,2
"18","couple",33,2
"19","site",33,1
"20","continue",31,2
"21","day",31,2
"22","jays",29,1
"23","accounts",27,2
"24","don",27,1
"25","job",27,2
"26","mods",26,1
"27","user",26,1
"28","makes",25,2
"29","ago",24,2
"30","redesign",24,1
"31","season",24,1
"32","answer",23,2
"33","bad",23,2
"34","game",23,2
"35","feature",22,1
"36","money",22,2
"37","months",22,2
"38","past",22,2
"39","policies",22,1
"40","spam",22,1
"41","talk",22,2
"42","world",22,2
"43","baseball",21,1
"44","build",21,2
"45","episode",21,2
"46","feelings",21,2
"47","home",21,2
"48","it’s",21,2
"49","person",21,2
"50","pretty",21,2
"51","profile",21,2
"52","change",20,2
"53","entire",20,2
"54","means",20,2
"55","moderators",20,1
"56","stuff",20,2
"57","times",20,2
"58","code",19,2
"59","easier",19,2
"60","line",19,2
"61","policy",19,1
"62","the_donald",19,1
"63","top",19,2
"64","banned",18,1
"65","feedback",18,1
"66","happy",18,2
"67","hope",18,2
"68","pages",18,1
"69","real",18,2
"70","specific",18,2
"71","understand",18,2
"72","announcements",17,1
"73","company",17,2
"74","days",17,2
"75","leave",17,2
"76","original",17,2
"77","reasons",17,2
"78","scene",17,1
"79","system",17,2
"80","tools",17,1
"81","approach",16,2
"82","basically",16,2
"83","control",16,2
"84","family",16,1
"85","free",16,2
"86","left",16,2
"87","page",16,2
"88","popular",16,1
"89","question",16,2
"90","situation",16,2
"91","behavior",15,1
"92","bit",15,2
"93","future",15,2
"94","move",15,2
"95","questions",15,2
"96","ban",14,1
"97","experience",14,2
"98","found",14,2
"99","guy",14,2
"100","idea",14,2
"101","information",14,2
"102","news",14,1
"103","product",14,2
"104","rules",14,2
"105","run",14,2
"106","share",14,2
"107","sort",14,1
"108","start",14,2
"109","totally",14,2
"110","update",14,2
"111","version",14,2
"112","worth",14,2
"113","wrong",14,2
"114","don’t",13,2
"115","e.g",13,1
"116","manipulation",13,2
"117","mod",13,1
"118","montreal",13,1
"119","read",13,2
"120","report",13,1
"121","response",13,2
"122","subreddit",13,2
"123","talking",13,2
"124","watch",13,2
"125","week",13,2
"126","weeks",13,2
"127","ads",12,1
"128","beginning",12,2
"129","changed",12,2
"130","choice",12,2
"131","companies",12,2
"132","css",12,1
"133","expect",12,2
"134","fight",12,2
"135","focus",12,2
"136","forward",12,2
"137","funny",12,2
"138","games",12,2
"139","god",12,2
"140","happened",12,2
"141","house",12,2
"142","mother",12,2
"143","parents",12,1
"144","perfect",12,2
"145","running",12,2
"146","song",12,1
"147","sounds",12,2
"148","tour",12,1
"149","true",12,2
"150","views",12,2
"151","write",12,2
"152","abuse",11,2
"153","advice",11,2
"154","bots",11,1
"155","comment",11,2
"156","context",11,2
"157","current",11,2
"158","enjoy",11,2
"159","folks",11,1
"160","goal",11,1
"161","level",11,2
"162","media",11,2
"163","mind",11,2
"164","relationship",11,2
"165","remember",11,2
"166","removed",11,1
"167","series",11,2
"168","spend",11,2
"169","started",11,2
"170","subreddits",11,1
"171","we’ve",11,1
"172","wrote",11,2
"173","account",10,2
"174","actions",10,2
"175","ad",10,2
"176","album",10,1
"177","banning",10,1
"178","based",10,2
"179","beliefs",10,2
"180","break",10,2
"181","bring",10,2
"182","built",10,2
"183","bunch",10,2
"184","cj",10,1
"185","common",10,2
"186","culture",10,2
"187","deal",10,2
"188","favourite",10,1
"189","fix",10,2
"190","front",10,2
"191","happen",10,2
"192","hear",10,2
"193","karma",10,1
"194","live",10,2
"195","marriage",10,2
"196","night",10,2
"197","picard",10,1
"198","play",10,2
"199","players",10,1
"200","political",10,2
"201","process",10,2
"202","progress",10,2
"203","relevant",10,2
"204","science",10,1
"205","stay",10,2
"206","stop",10,2
"207","story",10,2
"208","taking",10,2
"209","test",10,2
"210","testing",10,1
"211","thinking",10,2
"212","trust",10,2
"213","video",10,2
"214","violation",10,1
"215","vision",10,2
"216","yep",10,1
"217","accessible",9,2
"218","blue",9,1
"219","care",9,2
"220","coming",9,2
"221","decided",9,2
"222","easy",9,2
"223","effort",9,2
"224","finally",9,2
"225","fine",9,2
"226","fun",9,2
"227","government",9,2
"228","huge",9,2
"229","improve",9,2
"230","issues",9,2
"231","josh",9,1
"232","lives",9,2
"233","lost",9,2
"234","month",9,2
"235","office",9,2
"236","opt",9,1
"237","pete",9,1
"238","played",9,1
"239","playing",9,2
"240","prevent",9,1
"241","privacy",9,1
"242","programming",9,1
"243","recognize",9,2
"244","request",9,1
"245","result",9,2
"246","roger",9,1
"247","sense",9,2
"248","service",9,2
"249","set",9,2
"250","short",9,2
"251","specifically",9,2
"252","stadium",9,1
"253","support",9,2
"254","valuable",9,2
"255","variety",9,1
"256","words",9,2
"257","action",8,1
"258","add",8,2
"259","allowed",8,2
"260","ama",8,1
"261","attitude",8,2
"262","bf",8,1
"263","breaking",8,2
"264","business",8,2
"265","created",8,2
"266","dad",8,1
"267","daughter",8,1
"268","decision",8,2
"269","default",8,1
"270","difficult",8,2
"271","doubt",8,2
"272","downvotes",8,1
"273","edit",8,2
"274","ego",8,2
"275","enforcement",8,1
"276","evolve",8,2
"277","examples",8,2
"278","exist",8,2
"279","features",8,1
"280","feeling",8,2
"281","feels",8,2
"282","guys",8,2
"283","hit",8,1
"284","issue",8,2
"285","kids",8,1
"286","knowing",8,2
"287","limits",8,2
"288","links",8,1
"289","majority",8,2
"290","meant",8,2
"291","miss",8,2
"292","moment",8,2
"293","personal",8,2
"294","plan",8,2
"295","pm",8,2
"296","politics",8,2
"297","population",8,2
"298","provide",8,1
"299","scale",8,1
"300","scoring",8,1
"301","skills",8,2
"302","songs",8,2
"303","sources",8,1
"304","speak",8,2
"305","styling",8,1
"306","submit",8,1
"307","teams",8,2
"308","that’s",8,2
"309","thousands",8,1
"310","walk",8,2
"311","weekend",8,2
"312","addition",7,2
"313","age",7,2
"314","attempt",7,2
"315","attention",7,2
"316","beautiful",7,1
"317","behaviors",7,1
"318","blame",7,1
"319","boundaries",7,1
"320","brother",7,1
"321","canada",7,2
"322","child",7,2
"323","choose",7,1
"324","create",7,2
"325","data",7,2
"326","death",7,2
"327","deep",7,2
"328","deeply",7,2
"329","development",7,2
"330","election",7,1
"331","engagement",7,1
"332","engineering",7,1
"333","fair",7,2
"334","field",7,2
"335","follow",7,2
"336","friends",7,2
"337","gold",7,2
"338","grow",7,1
"339","hate",7,2
"340","healthy",7,1
"341","heard",7,2
"342","hiring",7,1
"343","honestly",7,2
"344","hot",7,2
"345","human",7,2
"346","imagine",7,2
"347","immediately",7,2
"348","impact",7,1
"349","incredible",7,2
"350","isn’t",7,2
"351","leads",7,2
"352","learning",7,2
"353","list",7,2
"354","listen",7,2
"355","manipulate",7,2
"356","mobile",7,1
"357","nice",7,2
"358","online",7,1
"359","opportunity",7,2
"360","option",7,2
"361","owe",7,1
"362","photo",7,1
"363","plenty",7,2
"364","primarily",7,2
"365","receive",7,1
"366","received",7,1
"367","red",7,1
"368","reports",7,1
"369","required",7,1
"370","roll",7,2
"371","rule",7,2
"372","safety",7,2
"373","search",7,1
"374","sex",7,2
"375","shitty",7,2
"376","significant",7,2
"377","stage",7,2
"378","stuck",7,2
"379","takes",7,2
"380","told",7,2
"381","view",7,2
"382","women",7,1
"383","writing",7,2
"384","yeah",7,2
"385","air",6,2
"386","algorithm",6,1
"387","amas",6,1
"388","america",6,2
"389","amount",6,1
"390","anti",6,1
"391","balance",6,2
"392","band",6,1
"393","base",6,2
"394","book",6,2
"395","building",6,2
"396","character",6,1
"397","chat",6,1
"398","check",6,2
"399","city",6,1
"400","considered",6,2
"401","cool",6,2
"402","crowd",6,1
"403","dead",6,2
"404","detect",6,1
"405","died",6,1
"406","difference",6,2
"407","domain",6,1
"408","drive",6,2
"409","enforce",6,1
"410","engineer",6,2
"411","evil",6,1
"412","explain",6,2
"413","faith",6,1
"414","federation",6,1
"415","feed",6,1
"416","flair",6,1
"417","guess",6,2
"418","half",6,2
"419","handle",6,2
"420","harassment",6,1
"421","head",6,2
"422","honest",6,2
"423","i’m",6,2
"424","improving",6,1
"425","including",6,2
"426","increasing",6,1
"427","incredibly",6,1
"428","investigate",6,2
"429","lead",6,2
"430","learn",6,2
"431","learned",6,2
"432","leo",6,1
"433","lisp",6,1
"434","location",6,2
"435","logic",6,1
"436","loss",6,2
"437","lots",6,2
"438","loved",6,2
"439","marry",6,1
"440","mental",6,2
"441","mentioned",6,2
"442","nature",6,2
"443","partners",6,2
"444","performance",6,2
"445","piece",6,2
"446","platform",6,2
"447","police",6,2
"448","priority",6,2
"449","profiles",6,1
"450","public",6,2
"451","race",6,2
"452","rate",6,1
"453","reality",6,2
"454","requests",6,1
"455","respect",6,1
"456","respond",6,2
"457","romulans",6,1
"458","russia",6,1
"459","safe",6,1
"460","security",6,2
"461","send",6,2
"462","separate",6,2
"463","shared",6,2
"464","situations",6,2
"465","society",6,2
"466","speaking",6,2
"467","special",6,2
"468","speech",6,1
"469","styles",6,1
"470","suspicious",6,1
"471","telling",6,2
"472","therapy",6,1
"473","they’re",6,2
"474","toronto",6,1
"475","trains",6,1
"476","transparency",6,1
"477","trek",6,1
"478","types",6,2
"479","valid",6,2
"480","watching",6,2
"481","wide",6,2
"482","worse",6,2
"483","wpd",6,1
"484","ability",5,2
"485","absolutely",5,1
"486","accept",5,2
"487","access",5,2
"488","addresses",5,1
"489","agree",5,2
"490","agreed",5,2
"491","allowing",5,1
"492","american",5,2
"493","asshole",5,1
"494","automatically",5,1
"495","background",5,2
"496","beat",5,1
"497","behaviour",5,1
"498","bug",5,1
"499","bullpen",5,1
"500","call",5,2
"501","caught",5,2
"502","choices",5,2
"503","completely",5,2
"504","constantly",5,1
"505","correct",5,2
"506","creating",5,2
"507","decides",5,2
"508","decisions",5,2
"509","dedicated",5,1
"510","depends",5,2
"511","directly",5,1
"512","effective",5,1
"513","emotional",5,2
"514","energy",5,2
"515","engineers",5,2
"516","english",5,2
"517","events",5,2
"518","excellent",5,1
"519","excited",5,2
"520","expectations",5,2
"521","factor",5,1
"522","fake",5,1
"523","faster",5,1
"524","father",5,1
"525","fighting",5,2
"526","figured",5,1
"527","finish",5,2
"528","finished",5,2
"529","flaws",5,2
"530","flexible",5,2
"531","friend",5,2
"532","fuck",5,1
"533","geo",5,1
"534","giving",5,2
"535","governance",5,1
"536","grace",5,1
"537","happening",5,2
"538","harder",5,2
"539","hell",5,1
"540","helpful",5,2
"541","hey",5,2
"542","humans",5,2
"543","husband",5,1
"544","i’ve",5,2
"545","increased",5,1
"546","individual",5,1
"547","invest",5,1
"548","involved",5,2
"549","joke",5,2
"550","keysersosa",5,1
"551","kid",5,2
"552","late",5,2
"553","law",5,1
"554","looked",5,2
"555","lose",5,2
"556","luck",5,2
"557","main",5,1
"558","major",5,2
"559","marcus",5,1
"560","matter",5,2
"561","meet",5,2
"562","mess",5,2
"563","missing",5,2
"564","mom",5,1
"565","negative",5,2
"566","north",5,1
"567","passenger",5,1
"568","people's",5,2
"569","personally",5,1
"570","perspective",5,2
"571","pitcher",5,1
"572","pitches",5,1
"573","planning",5,2
"574","plans",5,1
"575","pleasure",5,2
"576","position",5,2
"577","posted",5,2
"578","potential",5,2
"579","powerful",5,1
"580","president",5,1
"581","proactively",5,1
"582","promise",5,2
"583","publicly",5,2
"584","push",5,2
"585","reach",5,2
"586","ready",5,2
"587","reason",5,2
"588","recent",5,2
"589","reject",5,1
"590","relates",5,1
"591","reporting",5,1
"592","require",5,1
"593","rest",5,2
"594","rotation",5,1
"595","rough",5,2
"596","setting",5,2
"597","simple",5,2
"598","size",5,2
"599","social",5,2
"600","sooner",5,2
"601","sox",5,1
"602","spock",5,1
"603","stand",5,2
"604","starfleet",5,1
"605","store",5,1
"606","structure",5,2
"607","study",5,2
"608","surface",5,1
"609","technology",5,2
"610","tells",5,1
"611","text",5,2
"612","thread",5,2
"613","ton",5,1
"614","topic",5,1
"615","total",5,2
"616","treated",5,2
"617","trout",5,1
"618","type",5,2
"619","typically",5,2
"620","universe",5,1
"621","updated",5,1
"622","versions",5,2
"623","violent",5,2
"624","voice",5,2
"625","vote",5,2
"626","walking",5,2
"627","we’re",5,1
"628","wife",5,1
"629","word",5,2
"630","aaron",4,1
"631","abuses",4,1
"632","address",4,2
"633","advertising",4,1
"634","affect",4,2
"635","ah",4,2
"636","alpha",4,1
"637","amazing",4,1
"638","angry",4,2
"639","app",4,1
"640","august",4,2
"641","aunts",4,1
"642","awesome",4,2
"643","bans",4,1
"644","barclay",4,1
"645","beginners",4,1
"646","benefits",4,1
"647","beta",4,1
"648","biased",4,1
"649","biggest",4,2
"650","blog",4,1
"651","bob",4,1
"652","bono",4,1
"653","bought",4,2
"654","brigading",4,1
"655","buy",4,2
"656","called",4,1
"657","cap",4,1
"658","career",4,2
"659","chance",4,2
"660","changing",4,2
"661","characters",4,1
"662","cheating",4,1
"663","cities",4,1
"664","close",4,2
"665","closely",4,2
"666","cohesive",4,1
"667","combined",4,2
"668","communication",4,2
"669","complete",4,2
"670","confident",4,2
"671","conflict",4,2
"672","consequences",4,1
"673","conversation",4,2
"674","cooperative",4,1
"675","coordinated",4,1
"676","country",4,2
"677","crazy",4,2
"678","critical",4,1
"679","cultural",4,1
"680","cultures",4,1
"681","defense",4,1
"682","demonstrated",4,1
"683","develop",4,2
"684","didn’t",4,2
"685","direct",4,2
"686","documented",4,1
"687","dom",4,1
"688","donna",4,1
"689","dr",4,2
"690","due",4,2
"691","economy",4,1
"692","effect",4,2
"693","efforts",4,1
"694","emails",4,1
"695","encourage",4,2
"696","event",4,2
"697","evidence",4,2
"698","explaining",4,2
"699","explicit",4,1
"700","explicitly",4,1
"701","extremely",4,1
"702","false",4,2
"703","fantasies",4,1
"704","favorite",4,1
"705","finding",4,2
"706","fit",4,2
"707","focused",4,2
"708","form",4,2
"709","fourth",4,1
"710","frustrated",4,2
"711","frustration",4,2
"712","gf",4,1
"713","gifs",4,2
"714","glad",4,2
"715","handful",4,1
"716","happ",4,1
"717","harry",4,1
"718","hating",4,2
"719","health",4,1
"720","hipmunk",4,1
"721","hires",4,1
"722","hold",4,2
"723","hours",4,2
"724","i.e",4,1
"725","i’d",4,2
"726","identity",4,2
"727","improvement",4,1
"728","include",4,2
"729","influence",4,2
"730","insecure",4,2
"731","internal",4,1
"732","invested",4,2
"733","investment",4,1
"734","involve",4,1
"735","ip",4,1
"736","isps",4,1
"737","kinks",4,1
"738","klingon",4,1
"739","lane",4,1
"740","language",4,1
"741","largest",4,1
"742","leaving",4,1
"743","legacy",4,1
"744","legal",4,2
"745","lines",4,1
"746","losing",4,2
"747","malicious",4,1
"748","market",4,2
"749","married",4,2
"750","measure",4,2
"751","mention",4,2
"752","message",4,1
"753","met",4,2
"754","middle",4,2
"755","millions",4,1
"756","mine",4,2
"757","mouth",4,2
"758","offensive",4,2
"759","offer",4,2
"760","optional",4,1
"761","options",4,2
"762","organic",4,1
"763","outright",4,1
"764","partner",4,1
"765","party",4,2
"766","pass",4,1
"767","peers",4,1
"768","physical",4,1
"769","positive",4,2
"770","prefs",4,1
"771","premise",4,1
"772","presently",4,1
"773","pressure",4,2
"774","previous",4,2
"775","problematic",4,2
"776","production",4,2
"777","project",4,1
"778","promote",4,1
"779","proud",4,1
"780","python",4,1
"781","quarantine",4,1
"782","quebec",4,1
"783","random",4,2
"784","reaction",4,1
"785","reddit's",4,1
"786","reddit.zendesk.com",4,1
"787","refuse",4,1
"788","relationships",4,1
"789","remove",4,1
"790","removing",4,2
"791","responses",4,1
"792","return",4,2
"793","review",4,2
"794","road",4,2
"795","salary",4,1
"796","scdp",4,1
"797","scenes",4,1
"798","screen",4,2
"799","secret",4,2
"800","sell",4,1
"801","shadow",4,2
"802","sharing",4,2
"803","ship",4,1
"804","siblings",4,1
"805","similar",4,2
"806","simply",4,2
"807","single",4,2
"808","skill",4,1
"809","slow",4,2
"810","smart",4,2
"811","sound",4,2
"812","space",4,2
"813","spending",4,2
"814","spent",4,2
"815","spot",4,1
"816","star",4,1
"817","step",4,2
"818","stroman",4,1
"819","strong",4,2
"820","stupid",4,2
"821","subject",4,2
"822","submitted",4,1
"823","summer",4,2
"824","super",4,1
"825","suppose",4,2
"826","survive",4,1
"827","systematic",4,1
"828","teacher",4,1
"829","technical",4,1
"830","technically",4,1
"831","ten",4,2
"832","tend",4,2
"833","terrible",4,1
"834","testers",4,1
"835","threat",4,2
"836","toby",4,1
"837","tours",4,1
"838","track",4,2
"839","traffic",4,1
"840","ui",4,1
"841","uncooperative",4,1
"842","unfair",4,2
"843","united",4,2
"844","updating",4,1
"845","upvote",4,2
"846","valeris",4,1
"847","vertigo",4,1
"848","violating",4,2
"849","voting",4,2
"850","white",4,2
"851","wild",4,1
"852","win",4,1
"853","wonderful",4,2
"854","worst",4,2
"855","wouldn’t",4,2
"856","you’re",4,2
"857","abed",3,1
"858","abusive",3,1
"859","accomplish",3,1
"860","act",3,1
"861","acting",3,1
"862","active",3,1
"863","actively",3,1
"864","activity",3,1
"865","actors",3,1
"866","actual",3,2
"867","adding",3,1
"868","additional",3,2
"869","additionally",3,1
"870","advance",3,2
"871","advantage",3,2
"872","advertisers",3,1
"873","agreeing",3,2
"874","annoying",3,1
"875","answered",3,1
"876","anymore",3,2
"877","api",3,1
"878","apologize",3,2
"879","appearance",3,2
"880","apply",3,1
"881","approaches",3,2
"882","apps",3,1
"883","arms",3,1
"884","arrive",3,2
"885","assumptions",3,1
"886","automod",3,1
"887","badly",3,2
"888","bartlett",3,1
"889","basic",3,2
"890","basis",3,2
"891","bautista",3,1
"892","beatles",3,2
"893","bet",3,2
"894","betrayal",3,1
"895","block",3,2
"896","bosses",3,1
"897","brain",3,2
"898","bullshit",3,2
"899","busy",3,2
"900","capt",3,1
"901","car",3,1
"902","challenge",3,2
"903","challenges",3,2
"904","chose",3,1
"905","chosen",3,2
"906","chris",3,2
"907","circumstances",3,2
"908","claiming",3,2
"909","clarify",3,2
"910","class",3,1
"911","closer",3,2
"912","closing",3,2
"913","coke",3,1
"914","collaborative",3,1
"915","compared",3,2
"916","complicated",3,2
"917","concerns",3,2
"918","constant",3,2
"919","contact",3,2
"920","contract",3,1
"921","costs",3,1
"922","court",3,2
"923","crap",3,1
"924","creates",3,1
"925","creator",3,1
"926","cross",3,1
"927","cto",3,1
"928","custom",3,1
"929","cut",3,1
"930","damn",3,1
"931","david",3,1
"932","dealing",3,1
"933","debate",3,1
"934","decide",3,1
"935","decline",3,2
"936","depending",3,1
"937","depth",3,2
"938","deserve",3,1
"939","developed",3,2
"940","devote",3,1
"941","dick",3,1
"942","dig",3,2
"943","disclosure",3,1
"944","display",3,2
"945","distance",3,1
"946","domains",3,1
"947","don's",3,1
"948","donaldson",3,1
"949","dozens",3,2
"950","dramatically",3,1
"951","drew",3,1
"952","dropped",3,2
"953","drowning",3,2
"954","duck",3,1
"955","dynamic",3,1
"956","dynamics",3,1
"957","earlier",3,2
"958","echo",3,2
"959","editing",3,2
"960","effectively",3,1
"961","emergency",3,2
"962","enforcing",3,1
"963","enjoyed",3,1
"964","equally",3,1
"965","estrada",3,1
"966","eventually",3,1
"967","evolution",3,2
"968","evolved",3,2
"969","existing",3,2
"970","exists",3,2
"971","exodus",3,1
"972","expected",3,2
"973","eye",3,2
"974","fall",3,2
"975","fan",3,2
"976","feet",3,2
"977","fewer",3,1
"978","file",3,1
"979","fire",3,2
"980","fixed",3,1
"981","formal",3,1
"982","fortunate",3,1
"983","functionality",3,1
"984","funding",3,2
"985","gaming",3,1
"986","gender",3,2
"987","generate",3,2
"988","girls",3,2
"989","graham",3,1
"990","grew",3,1
"991","growth",3,2
"992","guidelines",3,1
"993","hand",3,2
"994","hands",3,2
"995","heart",3,1
"996","held",3,2
"997","highly",3,1
"998","hired",3,1
"999","history",3,1
"1000","hitter",3,2
"1001","host",3,2
"1002","hosted",3,2
"1003","hosting",3,2
"1004","humanity",3,2
"1005","hundred",3,1
"1006","i’ll",3,1
"1007","ideas",3,1
"1008","image",3,1
"1009","impossible",3,2
"1010","improved",3,1
"1011","inauthentic",3,1
"1012","includes",3,2
"1013","incognito",3,1
"1014","increase",3,1
"1015","independent",3,2
"1016","ing",3,2
"1017","insecurities",3,1
"1018","interact",3,2
"1019","interference",3,1
"1020","internet",3,1
"1021","interviewing",3,1
"1022","investigating",3,1
"1023","investigations",3,1
"1024","investor",3,1
"1025","irony",3,1
"1026","jim",3,1
"1027","jt",3,1
"1028","ken",3,1
"1029","killed",3,2
"1030","kinds",3,2
"1031","klingons",3,1
"1032","laugh",3,1
"1033","launch",3,1
"1034","led",3,2
"1035","legitimate",3,1
"1036","lightly",3,1
"1037","limited",3,1
"1038","link",3,1
"1039","listening",3,2
"1040","lived",3,1
"1041","load",3,1
"1042","logical",3,1
"1043","loves",3,1
"1044","low",3,1
"1045","lowe",3,1
"1046","meaningful",3,1
"1047","measures",3,2
"1048","memory",3,1
"1049","minister",3,1
"1050","moderator",3,1
"1051","modern",3,2
"1052","modsupport",3,1
"1053","mother's",3,1
"1054","movement",3,1
"1055","moves",3,2
"1056","music",3,1
"1057","national",3,1
"1058","negotiate",3,2
"1059","negotiated",3,1
"1060","noise",3,1
"1061","nominees",3,1
"1062","nope",3,2
"1063","note",3,2
"1064","officer",3,2
"1065","onboarding",3,1
"1066","onions",3,1
"1067","op",3,2
"1068","opposed",3,2
"1069","organize",3,1
"1070","paid",3,2
"1071","pain",3,2
"1072","paper",3,2
"1073","passion",3,1
"1074","patch",3,2
"1075","paul",3,1
"1076","peace",3,2
"1077","peggy",3,1
"1078","perfectly",3,2
"1079","permission",3,2
"1080","personality",3,1
"1081","phone",3,2
"1082","physically",3,1
"1083","pics",3,2
"1084","picture",3,1
"1085","planet",3,2
"1086","plate",3,1
"1087","player",3,2
"1088","plot",3,1
"1089","porn",3,1
"1090","positives",3,1
"1091","posting",3,1
"1092","power",3,2
"1093","pre",3,2
"1094","presence",3,2
"1095","private",3,1
"1096","processes",3,1
"1097","prolog",3,1
"1098","purely",3,2
"1099","purpose",3,1
"1100","putting",3,1
"1101","quicker",3,1
"1102","quickly",3,2
"1103","racism",3,1
"1104","radar",3,2
"1105","raising",3,2
"1106","rare",3,2
"1107","reached",3,1
"1108","realized",3,1
"1109","reasonable",3,1
"1110","regret",3,2
"1111","related",3,2
"1112","release",3,1
"1113","released",3,1
"1114","relevancy",3,1
"1115","reliable",3,1
"1116","remind",3,2
"1117","replies",3,1
"1118","reporter",3,1
"1119","represented",3,1
"1120","reputation",3,2
"1121","research",3,2
"1122","resigning",3,1
"1123","resources",3,1
"1124","revenue",3,1
"1125","rich",3,2
"1126","risks",3,2
"1127","roadmap",3,1
"1128","role",3,1
"1129","rose",3,1
"1130","russian",3,1
"1131","sadly",3,2
"1132","sanchez",3,1
"1133","scarcity",3,1
"1134","scary",3,1
"1135","scenario",3,2
"1136","school",3,2
"1137","sensitive",3,1
"1138","setlist",3,1
"1139","sexual",3,1
"1140","shit",3,2
"1141","shot",3,1
"1142","shut",3,2
"1143","sigh",3,2
"1144","significantly",3,2
"1145","sister",3,1
"1146","sitting",3,1
"1147","sleeping",3,2
"1148","soe",3,1
"1149","solid",3,1
"1150","solution",3,2
"1151","someday",3,2
"1152","sorkin's",3,1
"1153","sorts",3,1
"1154","species",3,1
"1155","speed",3,1
"1156","spin",3,2
"1157","spirit",3,2
"1158","st",3,1
"1159","staff",3,2
"1160","standards",3,1
"1161","stands",3,1
"1162","stops",3,2
"1163","stories",3,1
"1164","streets",3,1
"1165","stress",3,2
"1166","strongly",3,2
"1167","subs",3,1
"1168","succeed",3,1
"1169","success",3,1
"1170","suggests",3,2
"1171","supposed",3,1
"1172","switch",3,2
"1173","systems",3,1
"1174","target",3,1
"1175","tastes",3,1
"1176","television",3,1
"1177","tension",3,1
"1178","term",3,2
"1179","terms",3,1
"1180","tests",3,2
"1181","theoryofreddit",3,1
"1182","there’s",3,2
"1183","they’ve",3,1
"1184","tier",3,1
"1185","tl",3,2
"1186","tough",3,2
"1187","town",3,2
"1188","toxic",3,1
"1189","tracking",3,1
"1190","trade",3,2
"1191","train",3,2
"1192","trauma",3,1
"1193","travel",3,1
"1194","treat",3,1
"1195","troy",3,1
"1196","truman",3,1
"1197","trusted",3,2
"1198","truth",3,2
"1199","tv",3,1
"1200","typical",3,2
"1201","underlying",3,2
"1202","understanding",3,1
"1203","values",3,2
"1204","violence",3,2
"1205","visibility",3,1
"1206","visiting",3,2
"1207","votes",3,1
"1208","vp",3,2
"1209","waited",3,2
"1210","wake",3,2
"1211","wasting",3,1
"1212","watched",3,1
"1213","wear",3,2
"1214","wearing",3,1
"1215","web",3,1
"1216","weird",3,2
"1217","wiki",3,1
"1218","woman",3,1
"1219","worry",3,1
"1220","writers",3,1
"1221","yankees",3,1
"1222","yay",3,1
"1223","aaa",2,1
"1224","accepted",2,2
"1225","accomplished",2,2
"1226","accurate",2,1
"1227","acknowledged",2,2
"1228","acted",2,1
"1229","adam",2,1
"1230","adapt",2,1
"1231","added",2,1
"1232","admin",2,1
"1233","admire",2,1
"1234","advisor",2,1
"1235","ae",2,1
"1236","affairs",2,1
"1237","aged",2,1
"1238","agency",2,2
"1239","aggressively",2,1
"1240","ahead",2,2
"1241","ainsley",2,1
"1242","algorithms",2,1
"1243","alienation",2,1
"1244","alike",2,2
"1245","americans",2,2
"1246","an_update_on_the_fireeye_report_and_reddit",2,1
"1247","analysis",2,2
"1248","android",2,2
"1249","angel",2,1
"1250","angels",2,1
"1251","answering",2,1
"1252","answers",2,2
"1253","anthems",2,1
"1254","anxiety",2,2
"1255","anyone's",2,2
"1256","anytime",2,2
"1257","apples",2,1
"1258","applied",2,1
"1259","apt",2,1
"1260","aren’t",2,2
"1261","arm",2,1
"1262","arrangement",2,1
"1263","ashamed",2,1
"1264","aspect",2,2
"1265","aspects",2,1
"1266","assault",2,1
"1267","assets",2,1
"1268","assume",2,2
"1269","audience",2,2
"1270","authentic",2,2
"1271","average",2,1
"1272","avoid",2,2
"1273","aware",2,2
"1274","awareness",2,1
"1275","backend",2,1
"1276","bajor",2,1
"1277","ball",2,1
"1278","barely",2,1
"1279","barlet",2,1
"1280","bartlet",2,1
"1281","bathroom",2,1
"1282","battle",2,1
"1283","bay",2,1
"1284","behaving",2,2
"1285","bert",2,1
"1286","bigger",2,2
"1287","bill",2,1
"1288","birthday",2,1
"1289","black",2,1
"1290","blackout",2,1
"1291","blockers",2,1
"1292","books",2,2
"1293","bot",2,1
"1294","bother",2,1
"1295","bounce",2,1
"1296","bringing",2,1
"1297","british",2,1
"1298","britta",2,1
"1299","brittle",2,1
"1300","broad",2,1
"1301","broader",2,2
"1302","broadly",2,1
"1303","builds",2,2
"1304","bullying",2,1
"1305","burden",2,1
"1306","burdened",2,1
"1307","burn",2,1
"1308","burned",2,1
"1309","button",2,2
"1310","buzzfeed",2,1
"1311","cabinet",2,1
"1312","calling",2,1
"1313","calm",2,1
"1314","calmly",2,1
"1315","can’t",2,1
"1316","canon",2,1
"1317","cardinals",2,1
"1318","carefully",2,1
"1319","cash",2,1
"1320","catch",2,2
"1321","cecil",2,1
"1322","century",2,1
"1323","challenging",2,2
"1324","changelog",2,1
"1325","cheapest",2,1
"1326","checks",2,1
"1327","cheers",2,2
"1328","chief",2,2
"1329","churches",2,1
"1330","cigarette",2,1
"1331","citizen",2,1
"1332","civilization",2,1
"1333","classes",2,1
"1334","cliquey",2,1
"1335","clothes",2,2
"1336","cold",2,1
"1337","collect",2,2
"1338","collection",2,1
"1339","college",2,1
"1340","colonial",2,1
"1341","combat",2,1
"1342","comically",2,1
"1343","command",2,1
"1344","communal",2,1
"1345","comparing",2,2
"1346","comparison",2,1
"1347","compassion",2,1
"1348","computer",2,2
"1349","concerned",2,1
"1350","connect",2,1
"1351","consent",2,1
"1352","consideration",2,1
"1353","consistently",2,2
"1354","contacts",2,1
"1355","continuing",2,2
"1356","contrary",2,2
"1357","contributions",2,1
"1358","controls",2,1
"1359","conversations",2,2
"1360","cookie",2,2
"1361","cooper",2,1
"1362","coordinate",2,1
"1363","coping",2,1
"1364","cosby",2,1
"1365","count",2,1
"1366","counterpoint",2,1
"1367","courage",2,2
"1368","coverage",2,1
"1369","covered",2,1
"1370","cracks",2,2
"1371","creation",2,1
"1372","creative",2,2
"1373","crisis",2,1
"1374","cs",2,1
"1375","ct",2,1
"1376","ctsqobs",2,1
"1377","cum",2,1
"1378","curate",2,1
"1379","customer",2,2
"1380","cutler",2,1
"1381","cynicism",2,1
"1382","dancing",2,2
"1383","dates",2,1
"1384","de",2,1
"1385","deals",2,1
"1386","dean",2,1
"1387","decade",2,1
"1388","decent",2,1
"1389","deciding",2,2
"1390","deeper",2,1
"1391","defaults",2,1
"1392","defended",2,1
"1393","defensive",2,1
"1394","defined",2,2
"1395","definition",2,1
"1396","delivers",2,1
"1397","delivery",2,1
"1398","demand",2,1
"1399","democracy",2,1
"1400","democratic",2,1
"1401","describe",2,1
"1402","deserves",2,1
"1403","desirable",2,2
"1404","desired",2,1
"1405","desktop",2,1
"1406","details",2,2
"1407","determine",2,1
"1408","detriment",2,1
"1409","dev",2,1
"1410","developing",2,1
"1411","dialed",2,2
"1412","dialing",2,1
"1413","dickey",2,1
"1414","digging",2,2
"1415","direction",2,1
"1416","disappointment",2,2
"1417","disclose",2,1
"1418","discussion",2,2
"1419","discussions",2,2
"1420","dismissive",2,1
"1421","disorder",2,1
"1422","displayed",2,1
"1423","distracting",2,1
"1424","disturbing",2,1
"1425","divided",2,1
"1426","dmca",2,1
"1427","doesn’t",2,1
"1428","dominant",2,1
"1429","door",2,2
"1430","downtown",2,1
"1431","drawing",2,1
"1432","dream",2,2
"1433","dressed",2,1
"1434","drinking",2,1
"1435","dropdown",2,1
"1436","drugs",2,1
"1437","dude",2,2
"1438","duras",2,1
"1439","earn",2,2
"1440","earned",2,2
"1441","easily",2,2
"1442","edge",2,2
"1443","edited",2,2
"1444","edwin",2,1
"1445","egg",2,1
"1446","elevation",2,1
"1447","eliminated",2,2
"1448","else's",2,1
"1449","email",2,1
"1450","embarrassing",2,2
"1451","employer",2,1
"1452","enable",2,1
"1453","engage",2,2
"1454","enjoying",2,1
"1455","ensure",2,1
"1456","environment",2,1
"1457","eulogy",2,1
"1458","eve",2,1
"1459","evolves",2,1
"1460","exact",2,1
"1461","exception",2,2
"1462","exceptions",2,1
"1463","exchange",2,1
"1464","excitement",2,1
"1465","exercise",2,2
"1466","existence",2,1
"1467","expectation",2,1
"1468","expensive",2,1
"1469","experiment",2,1
"1470","explanation",2,2
"1471","explore",2,2
"1472","exploring",2,2
"1473","expos",2,1
"1474","express",2,1
"1475","expressions",2,2
"1476","extent",2,1
"1477","extra",2,2
"1478","facebook",2,1
"1479","facing",2,2
"1480","fairly",2,1
"1481","familiar",2,1
"1482","fans",2,1
"1483","fantastic",2,1
"1484","fascinated",2,1
"1485","fast",2,2
"1486","favor",2,1
"1487","faye",2,1
"1488","fdr",2,1
"1489","fell",2,2
"1490","ferengi",2,1
"1491","fiancé",2,1
"1492","figure",2,2
"1493","final",2,1
"1494","financial",2,1
"1495","fits",2,1
"1496","flag",2,1
"1497","flashbacks",2,1
"1498","flirt",2,1
"1499","flq",2,1
"1500","flying",2,1
"1501","focuses",2,1
"1502","focusing",2,1
"1503","footing",2,2
"1504","forbidden",2,1
"1505","force",2,1
"1506","foreign",2,1
"1507","forever",2,2
"1508","forget",2,2
"1509","forgot",2,1
"1510","fortunately",2,2
"1511","forum",2,1
"1512","frame",2,1
"1513","freaked",2,1
"1514","freight",2,1
"1515","french",2,1
"1516","frequent",2,2
"1517","friday",2,1
"1518","frustrating",2,2
"1519","function",2,2
"1520","funeral",2,1
"1521","gap",2,1
"1522","garage",2,1
"1523","geordi",2,1
"1524","gif",2,1
"1525","gig",2,1
"1526","girl",2,1
"1527","gist",2,1
"1528","goals",2,2
"1529","goldy",2,1
"1530","gpa",2,1
"1531","gravity",2,1
"1532","grieve",2,1
"1533","growing",2,2
"1534","grown",2,2
"1535","gtfo",2,1
"1536","guessing",2,2
"1537","guilty",2,1
"1538","gut",2,2
"1539","hahaha",2,2
"1540","halfway",2,1
"1541","hamm",2,1
"1542","happier",2,2
"1543","happiness",2,1
"1544","harper",2,1
"1545","hatred",2,1
"1546","headspace",2,1
"1547","healthcare",2,2
"1548","heat",2,1
"1549","helps",2,2
"1550","highlight",2,1
"1551","hilarious",2,2
"1552","hill",2,1
"1553","hire",2,2
"1554","hits",2,2
"1555","hitting",2,2
"1556","holds",2,2
"1557","holodeck",2,1
"1558","homers",2,1
"1559","honored",2,1
"1560","horse",2,1
"1561","hour",2,2
"1562","hoynes",2,1
"1563","hugely",2,1
"1564","huh",2,1
"1565","hurting",2,1
"1566","i.redd.it",2,1
"1567","identify",2,1
"1568","identifying",2,1
"1569","ignore",2,2
"1570","illness",2,1
"1571","im",2,1
"1572","implausible",2,1
"1573","impressive",2,1
"1574","inbox",2,1
"1575","included",2,2
"1576","indefinitely",2,1
"1577","industry",2,1
"1578","inevitable",2,1
"1579","injury",2,1
"1580","instance",2,2
"1581","intended",2,1
"1582","intention",2,1
"1583","interns",2,1
"1584","interstitial",2,1
"1585","interview",2,1
"1586","interviews",2,1
"1587","investigation",2,2
"1588","investors",2,1
"1589","invisible",2,2
"1590","invite",2,1
"1591","inviting",2,1
"1592","involves",2,1
"1593","irish",2,1
"1594","ironic",2,2
"1595","ja",2,1
"1596","jed",2,1
"1597","joe",2,1
"1598","jose",2,1
"1599","judge",2,1
"1600","judgement",2,1
"1601","july",2,2
"1602","keeping",2,2
"1603","km",2,1
"1604","knowledge",2,2
"1605","kobayashi",2,1
"1606","lack",2,2
"1607","land",2,1
"1608","landing",2,2
"1609","lays",2,1
"1610","league",2,1
"1611","letting",2,1
"1612","lie",2,1
"1613","lies",2,1
"1614","limit",2,1
"1615","linear",2,1
"1616","lingering",2,1
"1617","listened",2,2
"1618","listing",2,1
"1619","living",2,2
"1620","local",2,1
"1621","logistics",2,1
"1622","logs",2,1
"1623","loop",2,1
"1624","lord",2,2
"1625","lowball",2,1
"1626","lowering",2,1
"1627","lucky",2,1
"1628","lumping",2,1
"1629","lying",2,1
"1630","manage",2,2
"1631","managed",2,1
"1632","management",2,1
"1633","manager",2,1
"1634","managing",2,1
"1635","manipulative",2,1
"1636","manner",2,2
"1637","manual",2,1
"1638","marbury",2,1
"1639","markdown",2,1
"1640","martin",2,1
"1641","martyrs",2,1
"1642","maru",2,1
"1643","massive",2,1
"1644","matrix",2,1
"1645","matters",2,2
"1646","mature",2,2
"1647","meeting",2,1
"1648","meg",2,1
"1649","megan",2,1
"1650","menu",2,1
"1651","metal",2,1
"1652","metrics",2,2
"1653","mike",2,1
"1654","minimize",2,1
"1655","minute",2,2
"1656","minutes",2,2
"1657","misery",2,1
"1658","misinformation",2,1
"1659","mislead",2,1
"1660","mobilize",2,1
"1661","modelling",2,1
"1662","models",2,1
"1663","moderation",2,1
"1664","modify",2,1
"1665","modnews",2,1
"1666","moncton",2,1
"1667","monday",2,1
"1668","mood",2,1
"1669","motorcycles",2,1
"1670","moved",2,2
"1671","multiple",2,1
"1672","musicians",2,1
"1673","mvp",2,1
"1674","nailed",2,2
"1675","nallen",2,1
"1676","names",2,1
"1677","nancy",2,1
"1678","narcissistic",2,1
"1679","native",2,1
"1680","née",2,1
"1681","negotiation",2,1
"1682","neko",2,1
"1683","nerdist",2,1
"1684","net",2,2
"1685","network",2,2
"1686","networks",2,1
"1687","neutral",2,2
"1688","new.reddit.com",2,1
"1689","newbies",2,1
"1690","newly",2,2
"1691","nfl",2,1
"1692","notwithstanding",2,1
"1693","nsfw",2,1
"1694","occasional",2,2
"1695","offence",2,1
"1696","offense",2,1
"1697","officially",2,2
"1698","olives",2,1
"1699","olympic",2,1
"1700","opinion",2,1
"1701","opportunities",2,2
"1702","organization",2,1
"1703","outcome",2,2
"1704","outdated",2,1
"1705","oval",2,1
"1706","overhaul",2,1
"1707","painful",2,1
"1708","paint",2,2
"1709","paintball",2,1
"1710","painting",2,1
"1711","parent",2,1
"1712","park",2,1
"1713","passed",2,1
"1714","password",2,1
"1715","passwords",2,1
"1716","pasting",2,1
"1717","path",2,1
"1718","patterns",2,1
"1719","pay",2,1
"1720","personalization",2,1
"1721","petco",2,1
"1722","petty",2,1
"1723","phones",2,1
"1724","pick",2,2
"1725","picked",2,2
"1726","pictures",2,1
"1727","pii",2,1
"1728","pitch",2,2
"1729","pitching",2,2
"1730","planted",2,1
"1731","playoffs",2,1
"1732","plays",2,1
"1733","pleasant",2,1
"1734","plugin",2,1
"1735","png",2,1
"1736","politely",2,1
"1737","porcello",2,1
"1738","positions",2,1
"1739","potentially",2,2
"1740","precisely",2,1
"1741","predate",2,1
"1742","preferences",2,1
"1743","preserve",2,2
"1744","president’s",2,1
"1745","preventing",2,1
"1746","pride",2,1
"1747","primary",2,1
"1748","professionally",2,1
"1749","program",2,1
"1750","programmed",2,2
"1751","programmer",2,1
"1752","progressed",2,2
"1753","promotion",2,2
"1754","proof",2,2
"1755","propaganda",2,1
"1756","proper",2,1
"1757","properly",2,1
"1758","protect",2,1
"1759","protecting",2,2
"1760","protective",2,1
"1761","proto",2,1
"1762","provided",2,2
"1763","province",2,1
"1764","prudent",2,1
"1765","punnery",2,1
"1766","quality",2,1
"1767","quarantined",2,1
"1768","quark",2,1
"1769","questioning",2,2
"1770","railroad",2,1
"1771","ramble",2,1
"1772","ran",2,2
"1773","rank",2,2
"1774","rape",2,1
"1775","rarely",2,1
"1776","reaching",2,1
"1777","reading",2,1
"1778","realize",2,2
"1779","rebuilding",2,1
"1780","recognized",2,1
"1781","recruiting",2,1
"1782","reddit’s",2,1
"1783","redditsecurity",2,1
"1784","reduce",2,1
"1785","reduced",2,2
"1786","reducing",2,1
"1787","reference",2,1
"1788","referring",2,1
"1789","regard",2,2
"1790","register",2,2
"1791","rejected",2,1
"1792","relax",2,1
"1793","reliant",2,2
"1794","remain",2,1
"1795","reminds",2,1
"1796","replacements",2,1
"1797","replacing",2,1
"1798","represents",2,1
"1799","reproduce",2,1
"1800","repugnant",2,1
"1801","requirement",2,2
"1802","requirements",2,1
"1803","requires",2,2
"1804","respectful",2,1
"1805","responsible",2,2
"1806","restrictions",2,2
"1807","restrictive",2,1
"1808","retention",2,1
"1809","ridiculous",2,1
"1810","rights",2,1
"1811","rise",2,1
"1812","rob",2,1
"1813","rolling",2,1
"1814","roster",2,1
"1815","round",2,1
"1816","rude",2,2
"1817","runs",2,2
"1818","safeco",2,1
"1819","sam",2,1
"1820","san",2,2
"1821","sanctions",2,1
"1822","sarcastic",2,1
"1823","satisfy",2,2
"1824","satisfying",2,1
"1825","saving",2,2
"1826","sc",2,1
"1827","schedule",2,1
"1828","scientists",2,2
"1829","screw",2,2
"1830","scrutiny",2,2
"1831","secure",2,2
"1832","seek",2,1
"1833","seize",2,1
"1834","selfish",2,1
"1835","senator",2,2
"1836","senior",2,2
"1837","sentence",2,1
"1838","sentiment",2,1
"1839","separatist",2,1
"1840","september",2,1
"1841","services",2,1
"1842","shame",2,1
"1843","shape",2,1
"1844","sheen",2,1
"1845","shenanigans",2,1
"1846","sign",2,1
"1847","silly",2,1
"1848","sincere",2,2
"1849","singing",2,1
"1850","sit",2,2
"1851","slashdot",2,1
"1852","slept",2,1
"1853","slight",2,1
"1854","slipped",2,1
"1855","slower",2,1
"1856","slowly",2,2
"1857","sniffing",2,2
"1858","soi",2,1
"1859","solo",2,1
"1860","solutions",2,2
"1861","solved",2,2
"1862","somebody's",2,1
"1863","sorkin",2,1
"1864","sorting",2,1
"1865","sotu",2,1
"1866","spaces",2,1
"1867","spez",2,1
"1868","sports",2,2
"1869","spring",2,1
"1870","standard",2,1
"1871","standing",2,1
"1872","staring",2,1
"1873","starting",2,1
"1874","starts",2,1
"1875","startup",2,1
"1876","station",2,1
"1877","stepdaughter",2,1
"1878","stopped",2,2
"1879","storing",2,1
"1880","strategy",2,1
"1881","street",2,1
"1882","strengths",2,1
"1883","stressed",2,2
"1884","strictly",2,1
"1885","structured",2,1
"1886","struggle",2,1
"1887","struggles",2,1
"1888","struggling",2,2
"1889","studio",2,1
"1890","subredditdrama",2,1
"1891","subscriptions",2,1
"1892","succeeds",2,2
"1893","sucks",2,1
"1894","sufficient",2,1
"1895","sun",2,1
"1896","supportive",2,2
"1897","surely",2,1
"1898","surprised",2,2
"1899","surprising",2,1
"1900","surround",2,1
"1901","suspect",2,2
"1902","sync",2,1
"1903","tailored",2,1
"1904","talked",2,2
"1905","tampa",2,1
"1906","tap",2,1
"1907","taught",2,1
"1908","tbh",2,2
"1909","tech",2,1
"1910","techniques",2,1
"1911","temporary",2,2
"1912","tencent",2,1
"1913","teutonic",2,1
"1914","thanksgiving",2,1
"1915","themes",2,1
"1916","therapist",2,1
"1917","thoughtful",2,2
"1918","threads",2,1
"1919","threats",2,1
"1920","throwaway",2,1
"1921","ticket",2,1
"1922","tied",2,1
"1923","title",2,2
"1924","tng",2,1
"1925","tone",2,1
"1926","tool",2,1
"1927","toolbox",2,1
"1928","tooling",2,1
"1929","touring",2,1
"1930","traction",2,1
"1931","tradeoffs",2,1
"1932","trained",2,1
"1933","training",2,1
"1934","traits",2,2
"1935","transit",2,1
"1936","treating",2,1
"1937","tree",2,2
"1938","trolling",2,2
"1939","trolls",2,1
"1940","trouble",2,1
"1941","turnover",2,1
"1942","typo",2,1
"1943","uk",2,1
"1944","ultimately",2,2
"1945","underdeveloped",2,1
"1946","understandable",2,1
"1947","understood",2,2
"1948","unhappy",2,1
"1949","unheard",2,1
"1950","unique",2,2
"1951","unpleasant",2,2
"1952","ups",2,2
"1953","usage",2,2
"1954","useless",2,1
"1955","user's",2,1
"1956","validation",2,2
"1957","vast",2,1
"1958","verified",2,1
"1959","verlander",2,1
"1960","viewpoints",2,1
"1961","votto",2,1
"1962","waiting",2,2
"1963","walkable",2,1
"1964","war",2,2
"1965","warned",2,1
"1966","warning",2,1
"1967","warrant",2,1
"1968","wasn’t",2,1
"1969","waste",2,2
"1970","wasted",2,1
"1971","wave",2,2
"1972","weight",2,1
"1973","weiner",2,1
"1974","west",2,1
"1975","western",2,1
"1976","whatsoever",2,1
"1977","widget",2,1
"1978","willingness",2,2
"1979","window",2,1
"1980","wing",2,1
"1981","wins",2,1
"1982","winter",2,1
"1983","wire",2,1
"1984","wished",2,1
"1985","woah",2,1
"1986","won",2,1
"1987","writer",2,2
"1988","writes",2,2
"1989","www.bluejayhunter.com",2,1
"1990","yesterday",2,2
"1991","you_have_thousands_of_questions_i_have_dozens_of",2,1
"1992","youtube",2,2
"1993","zooropa",2,1
"1994","zootv",2,1
"1995","_early_investments",1,1
"1996","_policy",1,1
"1997","_update",1,1
"1998","aaron's",1,1
"1999","ab",1,1
"2000","abnormal",1,1
"2001","abrasive",1,1
"2002","absolute",1,1
"2003","absorb",1,1
"2004","absurd",1,1
"2005","abused",1,1
"2006","abusers",1,1
"2007","academic",1,1
"2008","accelerated",1,1
"2009","acceptable",1,1
"2010","acceptance",1,1
"2011","accepting",1,1
"2012","accepts",1,1
"2013","accommodated",1,1
"2014","accountability",1,1
"2015","accumulation",1,1
"2016","accuse",1,1
"2017","accuses",1,1
"2018","achievementunlockd",1,1
"2019","achtung",1,1
"2020","acknowledge",1,1
"2021","acknowledges",1,1
"2022","acknowledging",1,1
"2023","acoustic",1,1
"2024","acquired",1,1
"2025","actionable",1,1
"2026","actioned",1,1
"2027","actor",1,1
"2028","acts",1,1
"2029","adam’s",1,1
"2030","addict",1,1
"2031","addiction",1,1
"2032","addictive",1,1
"2033","addicts",1,1
"2034","additive",1,1
"2035","addressable",1,1
"2036","addressed",1,1
"2037","addressing",1,1
"2038","adjacent",1,1
"2039","adjust",1,1
"2040","adjusted",1,1
"2041","administration",1,1
"2042","admins",1,1
"2043","admit",1,1
"2044","adopted",1,1
"2045","adopting",1,1
"2046","ads.reddit.com",1,1
"2047","adult",1,1
"2048","advanced",1,1
"2049","adversary",1,1
"2050","advertiser",1,1
"2051","advocate",1,1
"2052","advocating",1,1
"2053","affected",1,1
"2054","affiliated",1,1
"2055","affirm",1,1
"2056","afford",1,1
"2057","aforementioned",1,1
"2058","afraid",1,1
"2059","afternoon",1,1
"2060","afterward",1,1
"2061","agents",1,1
"2062","aggressive",1,1
"2063","agreements",1,1
"2064","ahhh",1,1
"2065","ai",1,1
"2066","aiming",1,1
"2067","aired",1,1
"2068","airplane",1,1
"2069","albany",1,1
"2070","albies",1,1
"2071","albums",1,1
"2072","alcohol",1,1
"2073","alerts",1,1
"2074","alex",1,1
"2075","alice",1,1
"2076","aligned",1,1
"2077","alignment",1,1
"2078","aligns",1,1
"2079","alley",1,1
"2080","alliance",1,1
"2081","allusion",1,1
"2082","ally",1,1
"2083","aloof",1,1
"2084","alright",1,1
"2085","alternative",1,1
"2086","alternatives",1,1
"2087","ambition",1,1
"2088","amours",1,1
"2089","amplified",1,1
"2090","amtrak",1,1
"2091","amy",1,1
"2092","anaheim",1,1
"2093","anal",1,1
"2094","ancient",1,1
"2095","andreessen",1,1
"2096","andrew",1,1
"2097","andy",1,1
"2098","anecdotally",1,1
"2099","anglophones",1,1
"2100","anglos",1,1
"2101","angst",1,1
"2102","animalistic",1,1
"2103","animation",1,1
"2104","anna",1,1
"2105","announcement",1,1
"2106","annoy",1,1
"2107","annoyed",1,1
"2108","annoys",1,1
"2109","annual",1,1
"2110","anonymity",1,1
"2111","ansi",1,1
"2112","antagonistic",1,1
"2113","anthem",1,1
"2114","anthopolous",1,1
"2115","antics",1,1
"2116","ants",1,1
"2117","anyhoo",1,1
"2118","apologies",1,1
"2119","apologizing",1,1
"2120","apparent",1,1
"2121","apparently",1,1
"2122","appearances",1,1
"2123","appease",1,1
"2124","appetite",1,1
"2125","applaud",1,1
"2126","applications",1,1
"2127","applies",1,1
"2128","applying",1,1
"2129","appointee",1,1
"2130","apportioning",1,1
"2131","appreciated",1,1
"2132","approaching",1,1
"2133","approval",1,1
"2134","approved",1,1
"2135","approximately",1,1
"2136","april",1,1
"2137","arbitrary",1,1
"2138","arbitrator",1,1
"2139","arc",1,1
"2140","arches",1,1
"2141","architectural",1,1
"2142","arctic",1,1
"2143","ardra",1,1
"2144","argue",1,1
"2145","argument",1,1
"2146","arguments",1,1
"2147","ari",1,1
"2148","arod",1,1
"2149","arrested",1,1
"2150","arrived",1,1
"2151","arrogant",1,1
"2152","arrows",1,1
"2153","article",1,1
"2154","articulating",1,1
"2155","asap",1,1
"2156","ashram",1,1
"2157","aspirations",1,1
"2158","aspire",1,1
"2159","aspires",1,1
"2160","assembled",1,1
"2161","assess",1,1
"2162","assholes",1,1
"2163","assist",1,1
"2164","assuming",1,1
"2165","assure",1,1
"2166","assuring",1,1
"2167","astro",1,1
"2168","atomic",1,1
"2169","atop",1,1
"2170","attachments",1,1
"2171","attack",1,1
"2172","attacks",1,1
"2173","attempted",1,1
"2174","attendance",1,1
"2175","attorney",1,1
"2176","attract",1,1
"2177","atyclb",1,1
"2178","au",1,1
"2179","audit",1,1
"2180","auditory",1,1
"2181","aughts",1,1
"2182","aunt",1,1
"2183","aurians",1,1
"2184","australian",1,1
"2185","authenticity",1,1
"2186","authorities",1,1
"2187","auto",1,1
"2188","autobiography",1,1
"2189","automate",1,1
"2190","avenge",1,1
"2191","aversion",1,1
"2192","avoided",1,1
"2193","avoiding",1,1
"2194","award",1,1
"2195","awful",1,1
"2196","aww",1,1
"2197","babies",1,1
"2198","baby",1,1
"2199","babysit",1,1
"2200","bachelor",1,1
"2201","backfired",1,1
"2202","backwards",1,1
"2203","bad_cop_no_donut",1,1
"2204","baggage",1,1
"2205","bailey",1,1
"2206","bailing",1,1
"2207","ballpark",1,1
"2208","ballparks",1,1
"2209","baltimore",1,1
"2210","band's",1,1
"2211","bandwidth",1,1
"2212","banging",1,1
"2213","bannon",1,1
"2214","bar",1,1
"2215","barclay's",1,1
"2216","bargain",1,1
"2217","barrett",1,1
"2218","bartlett's",1,1
"2219","baseball's",1,1
"2220","basics",1,1
"2221","bastian",1,1
"2222","bateson",1,1
"2223","bats",1,1
"2224","batter",1,1
"2225","batters",1,1
"2226","bautista's",1,1
"2227","bdsm",1,1
"2228","bearing",1,1
"2229","beautifully",1,1
"2230","beauty",1,1
"2231","bed",1,1
"2232","bedroom",1,1
"2233","beetlejuice",1,1
"2234","behalf",1,1
"2235","belcher",1,1
"2236","believer",1,1
"2237","believes",1,1
"2238","belong",1,1
"2239","belonging",1,1
"2240","belongs",1,1
"2241","bench",1,1
"2242","beneficial",1,1
"2243","benefit",1,1
"2244","benson",1,1
"2245","bernard",1,1
"2246","beseech",1,1
"2247","best_is_the_new_hotness",1,1
"2248","betrayed",1,1
"2249","betrayer",1,1
"2250","bets",1,1
"2251","betting",1,1
"2252","betty",1,1
"2253","biagini's",1,1
"2254","biaginis",1,1
"2255","bias",1,1
"2256","bigs",1,1
"2257","bilingual",1,1
"2258","billboard",1,1
"2259","billion",1,1
"2260","billionaires",1,1
"2261","binge",1,1
"2262","bison",1,1
"2263","bits",1,1
"2264","bizzou",1,1
"2265","blackness",1,1
"2266","blaming",1,1
"2267","blank",1,1
"2268","blasted",1,1
"2269","bleachers",1,1
"2270","bleakest",1,1
"2271","bleeding",1,1
"2272","bless",1,1
"2273","blessings",1,1
"2274","bletrr",1,1
"2275","blind",1,1
"2276","blinding",1,1
"2277","blindness",1,1
"2278","blocker",1,1
"2279","blocking",1,1
"2280","blowing",1,1
"2281","blown",1,1
"2282","blows",1,1
"2283","blur",1,1
"2284","board",1,1
"2285","bobbi",1,1
"2286","bobbie",1,1
"2287","bodily",1,1
"2288","boingboing",1,1
"2289","bold",1,1
"2290","boldness",1,1
"2291","bomb",1,1
"2292","bond",1,1
"2293","boner",1,1
"2294","bothered",1,1
"2295","bothers",1,1
"2296","botw",1,1
"2297","bouncing",1,1
"2298","bouncy",1,1
"2299","box",1,1
"2300","boy",1,1
"2301","bozeman",1,1
"2302","brady's",1,1
"2303","brave",1,1
"2304","breach",1,1
"2305","breaches",1,1
"2306","breadth",1,1
"2307","breakfast",1,1
"2308","breakup",1,1
"2309","breath",1,1
"2310","breathe",1,1
"2311","brigade",1,1
"2312","broke",1,1
"2313","brothers",1,1
"2314","brought",1,1
"2315","browsing",1,1
"2316","bruno",1,1
"2317","buck",1,1
"2318","bucket",1,1
"2319","bud",1,1
"2320","buddies",1,1
"2321","buddy",1,1
"2322","budget",1,1
"2323","buffalo",1,1
"2324","bugbear",1,1
"2325","bugs",1,1
"2326","bull",1,1
"2327","bullock",1,1
"2328","bullpens",1,1
"2329","bump",1,1
"2330","buried",1,1
"2331","bury",1,1
"2332","bwpqqi",1,1
"2333","cabal",1,1
"2334","cadet",1,1
"2335","cafeteria",1,1
"2336","cagey",1,1
"2337","cakeday",1,1
"2338","calculating",1,1
"2339","calibre",1,1
"2340","california",1,1
"2341","callback",1,1
"2342","calls",1,1
"2343","cameo",1,1
"2344","camp",1,1
"2345","campaigns",1,1
"2346","canadians",1,1
"2347","cancel",1,1
"2348","candidate",1,1
"2349","cans",1,1
"2350","canvas",1,1
"2351","capabilities",1,1
"2352","capable",1,1
"2353","capitalism",1,1
"2354","cappadocians",1,1
"2355","capturing",1,1
"2356","card",1,1
"2357","cardassians",1,1
"2358","cared",1,1
"2359","cares",1,1
"2360","carried",1,1
"2361","carries",1,1
"2362","carrying",1,1
"2363","cashed",1,1
"2364","casinos",1,1
"2365","cast",1,1
"2366","casts",1,1
"2367","casual",1,1
"2368","catalogue",1,1
"2369","catchphrase",1,1
"2370","cathedral",1,1
"2371","catherine's",1,1
"2372","causing",1,1
"2373","cautionary",1,1
"2374","celebrating",1,1
"2375","center",1,1
"2376","centered",1,1
"2377","central",1,1
"2378","centred",1,1
"2379","centric",1,1
"2380","cents",1,1
"2381","ceo",1,1
"2382","certify",1,1
"2383","chambers",1,1
"2384","champion",1,1
"2385","championship",1,1
"2386","chances",1,1
"2387","chaough",1,1
"2388","charges",1,1
"2389","charging",1,1
"2390","charile",1,1
"2391","charlie",1,1
"2392","charlottesville",1,1
"2393","charmed",1,1
"2394","chart",1,1
"2395","chasing",1,1
"2396","cheap",1,1
"2397","cheaper",1,1
"2398","cheat",1,1
"2399","cheaters",1,1
"2400","cheer",1,1
"2401","cheery",1,1
"2402","cheese",1,1
"2403","chef",1,1
"2404","chekov",1,1
"2405","chew",1,1
"2406","childhood",1,1
"2407","children",1,1
"2408","children's",1,1
"2409","chill",1,1
"2410","chinese",1,1
"2411","chips",1,1
"2412","choir",1,1
"2413","choked",1,1
"2414","chords",1,1
"2415","choreograph",1,1
"2416","choreographed",1,1
"2417","chronic",1,1
"2418","circle",1,1
"2419","circleoftrust",1,1
"2420","circumstance",1,1
"2421","cited",1,1
"2422","cj's",1,1
"2423","claim",1,1
"2424","clamps",1,1
"2425","clarity",1,1
"2426","classics",1,1
"2427","classified",1,1
"2428","claw",1,1
"2429","cleanliness",1,1
"2430","clergy",1,1
"2431","clever",1,1
"2432","cliche",1,1
"2433","click",1,1
"2434","clicking",1,1
"2435","clicks",1,1
"2436","climber",1,1
"2437","clinical",1,1
"2438","clip",1,1
"2439","cllr",1,1
"2440","clock",1,1
"2441","closet",1,1
"2442","club",1,1
"2443","clue",1,1
"2444","clunkiest",1,1
"2445","clunky",1,1
"2446","cm's",1,1
"2447","cmucl",1,1
"2448","coach",1,1
"2449","coast",1,1
"2450","coatsworth",1,1
"2451","coatue",1,1
"2452","cobl",1,1
"2453","codebase",1,1
"2454","coded",1,1
"2455","cohen",1,1
"2456","coherence",1,1
"2457","coins",1,1
"2458","colabello",1,1
"2459","collaborate",1,1
"2460","collaboration",1,1
"2461","collapsed",1,1
"2462","collected",1,1
"2463","collecting",1,1
"2464","color",1,1
"2465","colorful",1,1
"2466","colors",1,1
"2467","comics",1,1
"2468","commensurate",1,1
"2469","commentary",1,1
"2470","commenter",1,1
"2471","commercials",1,1
"2472","commit",1,1
"2473","commitment",1,1
"2474","commitments",1,1
"2475","committed",1,1
"2476","commonly",1,1
"2477","communicate",1,1
"2478","communicating",1,1
"2479","communications",1,1
"2480","company's",1,1
"2481","comparatively",1,1
"2482","compel",1,1
"2483","compete",1,1
"2484","competition",1,1
"2485","competitors",1,1
"2486","compile",1,1
"2487","complaining",1,1
"2488","complains",1,1
"2489","complaints",1,1
"2490","complex",1,1
"2491","complexity",1,1
"2492","component",1,1
"2493","compounding",1,1
"2494","comprised",1,1
"2495","compromising",1,1
"2496","computers",1,1
"2497","concept",1,1
"2498","concern",1,1
"2499","concessions",1,1
"2500","conclusion",1,1
"2501","conclusions",1,1
"2502","concocts",1,1
"2503","condescending",1,1
"2504","condescension",1,1
"2505","conditions",1,1
"2506","condo",1,1
"2507","conducted",1,1
"2508","conference",1,1
"2509","confirmed",1,1
"2510","conflate",1,1
"2511","conflicted",1,1
"2512","conflicts",1,1
"2513","confrontational",1,1
"2514","confused",1,1
"2515","confusion",1,1
"2516","congratulate",1,1
"2517","congregants",1,1
"2518","congress",1,1
"2519","congressman",1,1
"2520","conjunction",1,1
"2521","connected",1,1
"2522","connection",1,1
"2523","connie",1,1
"2524","connman",1,1
"2525","conscious",1,1
"2526","consensual",1,1
"2527","consequence",1,1
"2528","conservative",1,1
"2529","consistency",1,1
"2530","consistent",1,1
"2531","constructed",1,1
"2532","construction",1,1
"2533","constructive",1,1
"2534","consumers",1,1
"2535","contemptuous",1,1
"2536","contender",1,1
"2537","contending",1,1
"2538","content_policy_update",1,1
"2539","contentment",1,1
"2540","contentpolicy",1,1
"2541","continually",1,1
"2542","continues",1,1
"2543","contracted",1,1
"2544","contraire",1,1
"2545","contribute",1,1
"2546","contributed",1,1
"2547","controlling",1,1
"2548","convince",1,1
"2549","convo",1,1
"2550","cooperate",1,1
"2551","cooperation",1,1
"2552","cooties",1,1
"2553","copying",1,1
"2554","copyright",1,1
"2555","core",1,1
"2556","corner",1,1
"2557","corporate",1,1
"2558","corporations",1,1
"2559","correction",1,1
"2560","corroborated",1,1
"2561","cosgrove",1,1
"2562","cost",1,1
"2563","counselling",1,1
"2564","counted",1,1
"2565","counter",1,1
"2566","counteract",1,1
"2567","counterproductive",1,1
"2568","counting",1,1
"2569","couples",1,1
"2570","cousin",1,1
"2571","cow",1,1
"2572","coxwell",1,1
"2573","craig",1,1
"2574","craigsilverman",1,1
"2575","craigslist",1,1
"2576","crashing",1,1
"2577","craziness",1,1
"2578","creatively",1,1
"2579","creativity",1,1
"2580","creators",1,1
"2581","credit",1,1
"2582","creeping",1,1
"2583","crew",1,1
"2584","crime",1,1
"2585","crimes",1,1
"2586","criminally",1,1
"2587","cringey",1,1
"2588","crisp",1,1
"2589","criteria",1,1
"2590","criticisms",1,1
"2591","crosspost",1,1
"2592","crossposting",1,1
"2593","crowds",1,1
"2594","cruise",1,1
"2595","crush",1,1
"2596","crushed",1,1
"2597","crying",1,1
"2598","cuckolding",1,1
"2599","cues",1,1
"2600","curated",1,1
"2601","curb",1,1
"2602","curse",1,1
"2603","cursing",1,1
"2604","curveball",1,1
"2605","custody",1,1
"2606","custome",1,1
"2607","customization",1,1
"2608","customize",1,1
"2609","customizing",1,1
"2610","cute",1,1
"2611","cuts",1,1
"2612","cville",1,1
"2613","cycles",1,1
"2614","cytherians",1,1
"2615","dalliance",1,1
"2616","damage",1,1
"2617","damaged",1,1
"2618","dance",1,1
"2619","danceable",1,1
"2620","dang",1,1
"2621","danger",1,1
"2622","danny",1,1
"2623","dark",1,1
"2624","darker",1,1
"2625","darkly",1,1
"2626","databases",1,1
"2627","date",1,1
"2628","dating",1,1
"2629","dave",1,1
"2630","dawned",1,1
"2631","day's",1,1
"2632","dbacks",1,1
"2633","dealings",1,1
"2634","dealt",1,1
"2635","deaths",1,1
"2636","dec",1,1
"2637","decently",1,1
"2638","deceptive",1,1
"2639","deck",1,1
"2640","declaration",1,1
"2641","decreasing",1,1
"2642","dedicate",1,1
"2643","defending",1,1
"2644","degree",1,1
"2645","delays",1,1
"2646","delete",1,1
"2647","deleted",1,1
"2648","deliberate",1,1
"2649","deliberately",1,1
"2650","demeanour",1,1
"2651","demonstrate",1,1
"2652","density",1,1
"2653","deny",1,1
"2654","department",1,1
"2655","depend",1,1
"2656","dependent",1,1
"2657","depicted",1,1
"2658","derail",1,1
"2659","descriptions",1,1
"2660","design",1,1
"2661","designated",1,1
"2662","desirability",1,1
"2663","desire",1,1
"2664","desiring",1,1
"2665","desk",1,1
"2666","destroys",1,1
"2667","destruction",1,1
"2668","destructive",1,1
"2669","detach",1,1
"2670","detailed",1,1
"2671","detecting",1,1
"2672","detection",1,1
"2673","detective",1,1
"2674","determined",1,1
"2675","deterrent",1,1
"2676","devbootcamp",1,1
"2677","devbootcamp.com",1,1
"2678","developer",1,1
"2679","developers",1,1
"2680","developmental",1,1
"2681","developments",1,1
"2682","deviated",1,1
"2683","devil’s",1,1
"2684","devoted",1,1
"2685","devs",1,1
"2686","dialogue",1,1
"2687","dictate",1,1
"2688","die",1,1
"2689","differences",1,1
"2690","differentiate",1,1
"2691","diligence",1,1
"2692","dimension",1,1
"2693","dimensional",1,1
"2694","dinger",1,1
"2695","diplomat",1,1
"2696","directs",1,1
"2697","disagree",1,1
"2698","disappointed",1,1
"2699","disappointing",1,1
"2700","disapprove",1,1
"2701","discipline",1,1
"2702","disciplined",1,1
"2703","disconnecting",1,1
"2704","discoverability",1,1
"2705","discuss",1,1
"2706","disease",1,1
"2707","disinfectant",1,1
"2708","disingenuous",1,1
"2709","dislike",1,1
"2710","dismiss",1,1
"2711","dismissal",1,1
"2712","dismissed",1,1
"2713","displaying",1,1
"2714","displays",1,1
"2715","disregarding",1,1
"2716","disruptive",1,1
"2717","disservice",1,1
"2718","dissipate",1,1
"2719","dissuade",1,1
"2720","distant",1,1
"2721","distill",1,1
"2722","distinction",1,1
"2723","distinctly",1,1
"2724","distinguishes",1,1
"2725","distraction",1,1
"2726","dive",1,1
"2727","diver",1,1
"2728","divers",1,1
"2729","diverse",1,1
"2730","diverting",1,1
"2731","division",1,1
"2732","divorce",1,1
"2733","dnt",1,1
"2734","dob's",1,1
"2735","dod",1,1
"2736","dodger",1,1
"2737","dodgers",1,1
"2738","dodgy",1,1
"2739","dominate",1,1
"2740","don’s",1,1
"2741","donorfia",1,1
"2742","dont",1,1
"2743","doodily",1,1
"2744","dormant",1,1
"2745","doubtful",1,1
"2746","downside",1,1
"2747","downsides",1,1
"2748","downvoted",1,1
"2749","downvoting",1,1
"2750","draft",1,1
"2751","drain",1,1
"2752","drama",1,1
"2753","draper",1,1
"2754","drawn",1,1
"2755","driven",1,1
"2756","drives",1,1
"2757","drove",1,1
"2758","drumming",1,1
"2759","dtmfa",1,1
"2760","du",1,1
"2761","dublin",1,1
"2762","dugout",1,1
"2763","dumb",1,1
"2764","dummy",1,1
"2765","dump",1,1
"2766","dumped",1,1
"2767","dust",1,1
"2768","duty",1,1
"2769","dysfunction",1,1
"2770","dystopian",1,1
"2771","ear",1,1
"2772","earing",1,1
"2773","earnestness",1,1
"2774","ears",1,1
"2775","earth",1,1
"2776","eartha",1,1
"2777","east",1,1
"2778","echoing",1,1
"2779","economically",1,1
"2780","ecosystem",1,1
"2781","ed",1,1
"2782","edge's",1,1
"2783","edm",1,1
"2784","educate",1,1
"2785","education",1,1
"2786","eff",1,1
"2787","eff'in",1,1
"2788","effects",1,1
"2789","efficiency",1,1
"2790","eggplant",1,1
"2791","el",1,1
"2792","elaborate",1,1
"2793","elect",1,1
"2794","elected",1,1
"2795","elections",1,1
"2796","elevates",1,1
"2797","elf",1,1
"2798","eliminate",1,1
"2799","emerging",1,1
"2800","emotion",1,1
"2801","emotions",1,1
"2802","empire",1,1
"2803","employees",1,1
"2804","employment",1,1
"2805","empower",1,1
"2806","empty",1,1
"2807","en.wikipedia.org",1,1
"2808","enabled",1,1
"2809","encapsulate",1,1
"2810","endorse",1,1
"2811","endpoints",1,1
"2812","endured",1,1
"2813","enemy",1,1
"2814","enforces",1,1
"2815","eng",1,1
"2816","engaged",1,1
"2817","enhanced",1,1
"2818","enhancing",1,1
"2819","enjoyment",1,1
"2820","enormous",1,1
"2821","ensures",1,1
"2822","entertainment",1,1
"2823","entities",1,1
"2824","entitled",1,1
"2825","entry",1,1
"2826","episodes",1,1
"2827","epzexlh",1,1
"2828","equal",1,1
"2829","equality",1,1
"2830","era",1,1
"2831","erific",1,1
"2832","errors",1,1
"2833","esque",1,1
"2834","establishment",1,1
"2835","estimates",1,1
"2836","estranged",1,1
"2837","ethos",1,1
"2838","european",1,1
"2839","evaluate",1,1
"2840","evangelize",1,1
"2841","everybody's",1,1
"2842","evidenced",1,1
"2843","evilgenius",1,1
"2844","exceed",1,1
"2845","exciting",1,1
"2846","exclude",1,1
"2847","exclusively",1,1
"2848","excuse",1,1
"2849","excuses",1,1
"2850","execs",1,1
"2851","executives",1,1
"2852","exhausts",1,1
"2853","exhibition",1,1
"2854","existed",1,1
"2855","existent",1,1
"2856","exit",1,1
"2857","expanded",1,1
"2858","expanding",1,1
"2859","expects",1,1
"2860","expense",1,1
"2861","experienced",1,1
"2862","experiencing",1,1
"2863","experimenting",1,1
"2864","expert",1,1
"2865","expired",1,1
"2866","explodes",1,1
"2867","exploit",1,1
"2868","explored",1,1
"2869","exposing",1,1
"2870","expressed",1,1
"2871","extremes",1,1
"2872","eyes",1,1
"2873","faced",1,1
"2874","facto",1,1
"2875","factors",1,1
"2876","failed",1,1
"2877","fairness",1,1
"2878","falling",1,1
"2879","falls",1,1
"2880","families",1,1
"2881","fancy",1,1
"2882","fantasy",1,1
"2883","farm",1,1
"2884","farva",1,1
"2885","fascinates",1,1
"2886","fashion",1,1
"2887","fastball",1,1
"2888","father's",1,1
"2889","fault",1,1
"2890","favorites",1,1
"2891","favour",1,1
"2892","fb",1,1
"2893","fcc",1,1
"2894","fcc's",1,1
"2895","fear",1,1
"2896","feasible",1,1
"2897","federal",1,1
"2898","feeding",1,1
"2899","feeds",1,1
"2900","fellow",1,1
"2901","female",1,1
"2902","females",1,1
"2903","fences",1,1
"2904","fenway",1,1
"2905","fetishes",1,1
"2906","feud",1,1
"2907","fidelity",1,1
"2908","fielder",1,1
"2909","fiercely",1,1
"2910","fights",1,1
"2911","figures",1,1
"2912","filters",1,1
"2913","finale",1,1
"2914","financing",1,1
"2915","findings",1,1
"2916","finger",1,1
"2917","finishing",1,1
"2918","firstly",1,1
"2919","fishiness",1,1
"2920","fitness",1,1
"2921","fitzwallis",1,1
"2922","flags",1,1
"2923","flair_name",1,1
"2924","flak",1,1
"2925","flanagan",1,1
"2926","flares",1,1
"2927","flat",1,1
"2928","flavor",1,1
"2929","flavour",1,1
"2930","fleetwood",1,1
"2931","fleshed",1,1
"2932","flex",1,1
"2933","flexibility",1,1
"2934","fling",1,1
"2935","flip",1,1
"2936","flirting",1,1
"2937","flirty",1,1
"2938","flow",1,1
"2939","fluid",1,1
"2940","fly",1,1
"2941","foil",1,1
"2942","fondly",1,1
"2943","food",1,1
"2944","fools",1,1
"2945","football",1,1
"2946","forced",1,1
"2947","forehead's",1,1
"2948","foremost",1,1
"2949","forgotten",1,1
"2950","forked",1,1
"2951","formative",1,1
"2952","forms",1,1
"2953","fort",1,1
"2954","forthcoming",1,1
"2955","foundation",1,1
"2956","foundational",1,1
"2957","founders",1,1
"2958","founding",1,1
"2959","framed",1,1
"2960","framework",1,1
"2961","france",1,1
"2962","francisco",1,1
"2963","frank",1,1
"2964","fraudulent",1,1
"2965","freaky",1,1
"2966","frequently",1,1
"2967","fresh",1,1
"2968","friday_discussion_thread_what_unique_challenges",1,1
"2969","friedman",1,1
"2970","friend's",1,1
"2971","friendly",1,1
"2972","friendship",1,1
"2973","frontend",1,1
"2974","frontpage",1,1
"2975","fronts",1,1
"2976","frustrates",1,1
"2977","frustratingly",1,1
"2978","fucking",1,1
"2979","fuhrer's",1,1
"2980","fund",1,1
"2981","fundamental",1,1
"2982","funded",1,1
"2983","funishment",1,1
"2984","funk",1,1
"2985","funniest",1,1
"2986","gain",1,1
"2987","gains",1,1
"2988","galaxy",1,1
"2989","gangbang",1,1
"2990","garbage",1,1
"2991","gatekeepers",1,1
"2992","gatekeeping",1,1
"2993","gatherings",1,1
"2994","gauge",1,1
"2995","gay",1,1
"2996","gd",1,1
"2997","gears",1,1
"2998","gel",1,1
"2999","geller",1,1
"3000","gendered",1,1
"3001","genders",1,1
"3002","generals",1,1
"3003","generic",1,1
"3004","generous",1,1
"3005","genetic",1,1
"3006","gentle",1,1
"3007","gentler",1,1
"3008","genuine",1,1
"3009","geography",1,1
"3010","giants",1,1
"3011","gifs.html",1,1
"3012","gift",1,1
"3013","gilmore",1,1
"3014","ginsberg",1,1
"3015","github.com",1,1
"3016","glimpse",1,1
"3017","global",1,1
"3018","glooory",1,1
"3019","glory",1,1
"3020","glover",1,1
"3021","goalies",1,1
"3022","goddammit",1,1
"3023","goddamn",1,1
"3024","gods",1,1
"3025","golden",1,1
"3026","gonna",1,1
"3027","goodness",1,1
"3028","googily",1,1
"3029","google's",1,1
"3030","goosebumps",1,1
"3031","gorgeous",1,1
"3032","gotta",1,1
"3033","governments",1,1
"3034","govschwarzenegger",1,1
"3035","gowron",1,1
"3036","grafted",1,1
"3037","grammar",1,1
"3038","grandchildren",1,1
"3039","grandma",1,1
"3040","grandpa",1,1
"3041","granted",1,1
"3042","grasps",1,1
"3043","greeted",1,1
"3044","grey",1,1
"3045","grid",1,1
"3046","grief",1,1
"3047","grimey",1,1
"3048","grinds",1,1
"3049","gripes",1,1
"3050","grok",1,1
"3051","grooming",1,1
"3052","gross",1,1
"3053","ground",1,1
"3054","grounds",1,1
"3055","group's",1,1
"3056","grows",1,1
"3057","guarantee",1,1
"3058","guessed",1,1
"3059","guinan's",1,1
"3060","guitar",1,1
"3061","gullible",1,1
"3062","guns",1,1
"3063","guy's",1,1
"3064","gw",1,1
"3065","habit",1,1
"3066","habits",1,1
"3067","hack",1,1
"3068","hackbright",1,1
"3069","hackbrightacademy.com",1,1
"3070","hacked",1,1
"3071","hacks",1,1
"3072","haha",1,1
"3073","hail",1,1
"3074","hair",1,1
"3075","hallelujah",1,1
"3076","hallmarks",1,1
"3077","hallway",1,1
"3078","hampshire",1,1
"3079","handled",1,1
"3080","handles",1,1
"3081","handy",1,1
"3082","hang",1,1
"3083","hanging",1,1
"3084","haniger",1,1
"3085","happily",1,1
"3086","harass",1,1
"3087","harassing",1,1
"3088","hardcore",1,1
"3089","hards",1,1
"3090","harm",1,1
"3091","harmful",1,1
"3092","harmon",1,1
"3093","harold",1,1
"3094","harsh",1,1
"3095","harshest",1,1
"3096","hash",1,1
"3097","hashtable",1,1
"3098","hasn’t",1,1
"3099","hated",1,1
"3100","haters",1,1
"3101","hay",1,1
"3102","hazard",1,1
"3103","headcount",1,1
"3104","headlines",1,1
"3105","headquarters",1,1
"3106","healthier",1,1
"3107","hearing",1,1
"3108","heartbreaking",1,1
"3109","heartening",1,1
"3110","heartland",1,1
"3111","heaven",1,1
"3112","height",1,1
"3113","helen",1,1
"3114","helicopter",1,1
"3115","helped",1,1
"3116","helping",1,1
"3117","henry’s",1,1
"3118","here’s",1,1
"3119","hernia",1,1
"3120","hero",1,1
"3121","herzog",1,1
"3122","hesitant",1,1
"3123","hesitate",1,1
"3124","heuristic",1,1
"3125","hey_were_here_to_talk_about_that_desktop_redesign",1,1
"3126","heyman",1,1
"3127","hide",1,1
"3128","highlighting",1,1
"3129","highqualitygifs",1,1
"3130","hilda",1,1
"3131","hint",1,1
"3132","historically",1,1
"3133","histories",1,1
"3134","hitters",1,1
"3135","hoarse",1,1
"3136","holding",1,1
"3137","hole",1,1
"3138","holes",1,1
"3139","holidays",1,1
"3140","hollow",1,1
"3141","holocaust",1,1
"3142","homer's",1,1
"3143","honors",1,1
"3144","honour",1,1
"3145","hoo",1,1
"3146","hood",1,1
"3147","hook",1,1
"3148","hooking",1,1
"3149","hooks",1,1
"3150","hoping",1,1
"3151","horizon",1,1
"3152","horowitz",1,1
"3153","horrible",1,1
"3154","horses",1,1
"3155","hostage",1,1
"3156","hostile",1,1
"3157","hottest",1,1
"3158","household",1,1
"3159","houston",1,1
"3160","how_to_keep_your_reddit_account_safe",1,1
"3161","hqf",1,1
"3162","hqg",1,1
"3163","hr",1,1
"3164","hrs",1,1
"3165","htdaab",1,1
"3166","huffman",1,1
"3167","hum",1,1
"3168","humankind",1,1
"3169","humiliation",1,1
"3170","humor",1,1
"3171","hundreds",1,1
"3172","hungry",1,1
"3173","hurdle",1,1
"3174","hurt",1,1
"3175","hurtful",1,1
"3176","hurts",1,1
"3177","husband's",1,1
"3178","hustle",1,1
"3179","hydro",1,1
"3180","hydrological",1,1
"3181","hypnosis",1,1
"3182","i.reddit.com",1,1
"3183","iago",1,1
"3184","icons",1,1
"3185","ideal",1,1
"3186","identical",1,1
"3187","identities",1,1
"3188","illegal",1,1
"3189","imagery",1,1
"3190","images",1,1
"3191","immensely",1,1
"3192","imminent",1,1
"3193","implementations",1,1
"3194","importantly",1,1
"3195","imposing",1,1
"3196","impressed",1,1
"3197","impression",1,1
"3198","improvements",1,1
"3199","impulses",1,1
"3200","incentive",1,1
"3201","inches",1,1
"3202","incident",1,1
"3203","inclined",1,1
"3204","income",1,1
"3205","inconsiderate",1,1
"3206","inconsistent",1,1
"3207","incorporate",1,1
"3208","incorrect",1,1
"3209","indebted",1,1
"3210","independence",1,1
"3211","indians",1,1
"3212","indicators",1,1
"3213","individually",1,1
"3214","industries",1,1
"3215","ineffective",1,1
"3216","infancy",1,1
"3217","informed",1,1
"3218","infra",1,1
"3219","initiating",1,1
"3220","initiatives",1,1
"3221","injuries",1,1
"3222","inline",1,1
"3223","innate",1,1
"3224","innings",1,1
"3225","innocence",1,1
"3226","innocuous",1,1
"3227","input",1,1
"3228","insist",1,1
"3229","inspiration",1,1
"3230","inspirations",1,1
"3231","inspired",1,1
"3232","insta",1,1
"3233","installed",1,1
"3234","installing",1,1
"3235","instances",1,1
"3236","insulated",1,1
"3237","insulting",1,1
"3238","integrity",1,1
"3239","intellect",1,1
"3240","intelligence",1,1
"3241","intelligent",1,1
"3242","intense",1,1
"3243","intensity",1,1
"3244","intensive",1,1
"3245","intentionally",1,1
"3246","inter",1,1
"3247","interaction",1,1
"3248","interactions",1,1
"3249","interchangeably",1,1
"3250","intern",1,1
"3251","internally",1,1
"3252","internet's",1,1
"3253","internship",1,1
"3254","interpret",1,1
"3255","interpretation",1,1
"3256","interrupting",1,1
"3257","intimidated",1,1
"3258","intimidating",1,1
"3259","introduce",1,1
"3260","introducing_custom_feeds_plus_a_community_contest",1,1
"3261","introduction",1,1
"3262","invading",1,1
"3263","invaluable",1,1
"3264","investing",1,1
"3265","involuntary",1,1
"3266","involvement",1,1
"3267","ipad",1,1
"3268","ips",1,1
"3269","ira",1,1
"3270","ira's",1,1
"3271","iranian",1,1
"3272","irl",1,1
"3273","irresponsible",1,1
"3274","isp",1,1
"3275","issuing",1,1
"3276","ist",1,1
"3277","iterate",1,1
"3278","iterations",1,1
"3279","jacob",1,1
"3280","jail",1,1
"3281","janitorial",1,1
"3282","japan",1,1
"3283","java",1,1
"3284","javascript",1,1
"3285","jedi",1,1
"3286","jeff",1,1
"3287","jeff's",1,1
"3288","jerking",1,1
"3289","jersey",1,1
"3290","jerseys",1,1
"3291","jesus",1,1
"3292","jews",1,1
"3293","jfk",1,1
"3294","jimmy",1,1
"3295","jlp",1,1
"3296","jobs",1,1
"3297","joey",1,1
"3298","join",1,1
"3299","jokes",1,1
"3300","jonathan",1,1
"3301","jordan",1,1
"3302","josiah",1,1
"3303","judge's",1,1
"3304","judged",1,1
"3305","juice",1,1
"3306","jumped",1,1
"3307","junk",1,1
"3308","junkie",1,1
"3309","justice",1,1
"3310","justify",1,1
"3311","juuuust",1,1
"3312","keeper",1,1
"3313","kelsey",1,1
"3314","kennedy",1,1
"3315","kershaw",1,1
"3316","key",1,1
"3317","kick",1,1
"3318","kickoffs",1,1
"3319","kidnapped",1,1
"3320","kik",1,1
"3321","killing",1,1
"3322","kinda",1,1
"3323","kindness",1,1
"3324","kindred",1,1
"3325","kink",1,1
"3326","kinky",1,1
"3327","kitt",1,1
"3328","kleenex",1,1
"3329","kluber",1,1
"3330","klutzes",1,1
"3331","knuckleball",1,1
"3332","knuckleheads",1,1
"3333","krismas",1,1
"3334","kudos",1,1
"3335","lacks",1,1
"3336","ladies",1,1
"3337","lags",1,1
"3338","lakeshore",1,1
"3339","lame",1,1
"3340","landingham",1,1
"3341","landscape",1,1
"3342","lane’s",1,1
"3343","languages",1,1
"3344","laptop",1,1
"3345","larry’s",1,1
"3346","lastly",1,1
"3347","latch",1,1
"3348","lateness",1,1
"3349","latin",1,1
"3350","laughs",1,1
"3351","lavoie",1,1
"3352","law_enforcement_guidelines",1,1
"3353","lawyer",1,1
"3354","lay",1,1
"3355","layered",1,1
"3356","layne",1,1
"3357","layout",1,1
"3358","layouts",1,1
"3359","leader",1,1
"3360","leaders",1,1
"3361","leadership",1,1
"3362","leading",1,1
"3363","leap",1,1
"3364","learns",1,1
"3365","leaves",1,1
"3366","lecturing",1,1
"3367","leering",1,1
"3368","leg",1,1
"3369","legislated",1,1
"3370","legislation",1,1
"3371","legislative",1,1
"3372","legislature",1,1
"3373","legit",1,1
"3374","legitimately",1,1
"3375","legs",1,1
"3376","lemonlyman",1,1
"3377","lends",1,1
"3378","lengthy",1,1
"3379","lenny",1,1
"3380","leonard",1,1
"3381","let’s",1,1
"3382","letter",1,1
"3383","letterman",1,1
"3384","leveraging",1,1
"3385","liaison",1,1
"3386","liberal",1,1
"3387","liberation",1,1
"3388","libido",1,1
"3389","lieutenant",1,1
"3390","lifestyle",1,1
"3391","lifted",1,1
"3392","light",1,1
"3393","lights",1,1
"3394","lightweight",1,1
"3395","limitation",1,1
"3396","limitations",1,1
"3397","limiting",1,1
"3398","lineage",1,1
"3399","linings",1,1
"3400","linking",1,1
"3401","listed",1,1
"3402","lists",1,1
"3403","literally",1,1
"3404","literate",1,1
"3405","liza",1,1
"3406","lizzie's",1,1
"3407","loaned",1,1
"3408","loaning",1,1
"3409","lobbying",1,1
"3410","locked",1,1
"3411","locks",1,1
"3412","logged",1,1
"3413","login",1,1
"3414","lol",1,1
"3415","lone",1,1
"3416","lopped",1,1
"3417","loses",1,1
"3418","lou",1,1
"3419","lou's",1,1
"3420","loud",1,1
"3421","loutish",1,1
"3422","lover",1,1
"3423","loving",1,1
"3424","lower",1,1
"3425","lumps",1,1
"3426","luxury",1,1
"3427","lyft",1,1
"3428","lyrics",1,1
"3429","m.reddit.com",1,1
"3430","ma'am",1,1
"3431","mac",1,1
"3432","machines",1,1
"3433","mack",1,1
"3434","macphisto",1,1
"3435","mad",1,1
"3436","magnifying",1,1
"3437","mailto:investigations",1,1
"3438","maintain",1,1
"3439","maintained",1,1
"3440","maintaining",1,1
"3441","majored",1,1
"3442","majors",1,1
"3443","makeup",1,1
"3444","makings",1,1
"3445","male",1,1
"3446","man’s",1,1
"3447","manageable",1,1
"3448","manager's",1,1
"3449","mandate",1,1
"3450","manipulated",1,1
"3451","manipulates",1,1
"3452","manny",1,1
"3453","map",1,1
"3454","maps",1,1
"3455","marblehead",1,1
"3456","marco",1,1
"3457","marge",1,1
"3458","margin",1,1
"3459","marion",1,1
"3460","marriages",1,1
"3461","martial",1,1
"3462","martinez",1,1
"3463","masculinity",1,1
"3464","mass",1,1
"3465","master",1,1
"3466","masturbate",1,1
"3467","masturbating",1,1
"3468","materialize",1,1
"3469","matt",1,1
"3470","mattered",1,1
"3471","max",1,1
"3472","mckay",1,1
"3473","mcnally",1,1
"3474","meaning",1,1
"3475","meaningless",1,1
"3476","meantime",1,1
"3477","measured",1,1
"3478","mechanism",1,1
"3479","media.giphy.com",1,1
"3480","median",1,1
"3481","meegan",1,1
"3482","melancholy",1,1
"3483","melted",1,1
"3484","memories",1,1
"3485","mend",1,1
"3486","mentioning",1,1
"3487","mentions",1,1
"3488","mentor",1,1
"3489","menus",1,1
"3490","mercator",1,1
"3491","merch",1,1
"3492","mercilessly",1,1
"3493","mercy",1,1
"3494","merged",1,1
"3495","merry",1,1
"3496","messages",1,1
"3497","messed",1,1
"3498","meta",1,1
"3499","metallica",1,1
"3500","meteor",1,1
"3501","methods",1,1
"3502","metric",1,1
"3503","mexico",1,1
"3504","microcosm",1,1
"3505","midge",1,1
"3506","midst",1,1
"3507","miggy",1,1
"3508","migration",1,1
"3509","mil's",1,1
"3510","miles",1,1
"3511","military",1,1
"3512","milk",1,1
"3513","miller",1,1
"3514","million",1,1
"3515","mini",1,1
"3516","minimizing",1,1
"3517","minors",1,1
"3518","mint",1,1
"3519","misclassified",1,1
"3520","miscommunication",1,1
"3521","miserable",1,1
"3522","missouri",1,1
"3523","mistaken",1,1
"3524","mistakes",1,1
"3525","mistress",1,1
"3526","mitigating",1,1
"3527","mixed",1,1
"3528","mjw",1,1
"3529","mlb",1,1
"3530","mlb.com",1,1
"3531","mod_tools_available_in_the_mobile_apps",1,1
"3532","model",1,1
"3533","moderate",1,1
"3534","moderated",1,1
"3535","moderating",1,1
"3536","modicum",1,1
"3537","mofo",1,1
"3538","molly",1,1
"3539","mom's",1,1
"3540","moments",1,1
"3541","monica",1,1
"3542","monitored",1,1
"3543","monitoring",1,1
"3544","monolithic",1,1
"3545","monologue",1,1
"3546","moody",1,1
"3547","moral",1,1
"3548","morality",1,1
"3549","morgan",1,1
"3550","moriarty",1,1
"3551","morning",1,1
"3552","moron",1,1
"3553","motivating",1,1
"3554","motivation",1,1
"3555","mourning",1,1
"3556","moving",1,1
"3557","mushrooms",1,1
"3558","muslims",1,1
"3559","mutters",1,1
"3560","mystery",1,1
"3561","nah",1,1
"3562","nail",1,1
"3563","nallen's",1,1
"3564","narcissism",1,1
"3565","narcissist",1,1
"3566","narratives",1,1
"3567","nationalist",1,1
"3568","nationalized",1,1
"3569","nationals",1,1
"3570","natural",1,1
"3571","navigational",1,1
"3572","nba",1,1
"3573","nba's",1,1
"3574","nc",1,1
"3575","necessarily",1,1
"3576","neck",1,1
"3577","ned",1,1
"3578","needle",1,1
"3579","needy",1,1
"3580","negatively",1,1
"3581","neices",1,1
"3582","neighborhood",1,1
"3583","nekonina",1,1
"3584","nephews",1,1
"3585","nerdist.com",1,1
"3586","ness",1,1
"3587","neterprise",1,1
"3588","netflix",1,1
"3589","neural",1,1
"3590","neutrality",1,1
"3591","newbie's",1,1
"3592","newt's",1,1
"3593","newts",1,1
"3594","nicely",1,1
"3595","nigeria",1,1
"3596","nightmares",1,1
"3597","nikki",1,1
"3598","nitpick",1,1
"3599","nj",1,1
"3600","nloth",1,1
"3601","nonconsent",1,1
"3602","nonetheless",1,1
"3603","nonsense",1,1
"3604","normal",1,1
"3605","norms",1,1
"3606","nos",1,1
"3607","not_my_first_could_be_my_last_state_of_the",1,1
"3608","notch",1,1
"3609","notice",1,1
"3610","noticed",1,1
"3611","notices",1,1
"3612","notif",1,1
"3613","notifications",1,1
"3614","notified",1,1
"3615","notify",1,1
"3616","notion",1,1
"3617","noun",1,1
"3618","nova",1,1
"3619","nta",1,1
"3620","nuance",1,1
"3621","nudges",1,1
"3622","nuked",1,1
"3623","nuts",1,1
"3624","nvm",1,1
"3625","nyc",1,1
"3626","nyd",1,1
"3627","nz",1,1
"3628","o.co",1,1
"3629","objectifying",1,1
"3630","obligation",1,1
"3631","observatory",1,1
"3632","obv",1,1
"3633","obvious",1,1
"3634","oc",1,1
"3635","occupy",1,1
"3636","oceania",1,1
"3637","odds",1,1
"3638","odor",1,1
"3639","offending",1,1
"3640","official",1,1
"3641","officiating",1,1
"3642","offline",1,1
"3643","ol",1,1
"3644","old.reddit.com",1,1
"3645","ongoing",1,1
"3646","ons",1,1
"3647","ontario",1,1
"3648","oooooo",1,1
"3649","oops",1,1
"3650","openers",1,1
"3651","openly",1,1
"3652","opinions",1,1
"3653","optimists",1,1
"3654","optimized",1,1
"3655","oral",1,1
"3656","orange",1,1
"3657","ordeal",1,1
"3658","orgasm",1,1
"3659","orgasms",1,1
"3660","origin",1,1
"3661","originally",1,1
"3662","orwellian",1,1
"3663","other's",1,1
"3664","otherworldly",1,1
"3665","outbound",1,1
"3666","outdoor",1,1
"3667","outdoors",1,1
"3668","outed",1,1
"3669","outing",1,1
"3670","outlawing",1,1
"3671","outlier",1,1
"3672","outpaces",1,1
"3673","outperformed",1,1
"3674","outreach",1,1
"3675","outro",1,1
"3676","outs",1,1
"3677","outsiders",1,1
"3678","outweigh",1,1
"3679","oven",1,1
"3680","overcompensate",1,1
"3681","overplayed",1,1
"3682","overrun",1,1
"3683","overs",1,1
"3684","overtime",1,1
"3685","overview",1,1
"3686","owes",1,1
"3687","owned",1,1
"3688","owners",1,1
"3689","ownership",1,1
"3690","owning",1,1
"3691","pa",1,1
"3692","pacific",1,1
"3693","pack",1,1
"3694","paddling",1,1
"3695","painfully",1,1
"3696","pairing",1,1
"3697","palace",1,1
"3698","panel",1,1
"3699","pants",1,1
"3700","papelbon",1,1
"3701","papelbon's",1,1
"3702","par",1,1
"3703","paradigms",1,1
"3704","paradise",1,1
"3705","parallel",1,1
"3706","paramount",1,1
"3707","paranoid",1,1
"3708","paris",1,1
"3709","parity",1,1
"3710","parti",1,1
"3711","participant",1,1
"3712","participate",1,1
"3713","partied",1,1
"3714","partly",1,1
"3715","pascal",1,1
"3716","passionate",1,1
"3717","pastry",1,1
"3718","patches",1,1
"3719","paths",1,1
"3720","patio",1,1
"3721","patronizing",1,1
"3722","pattern",1,1
"3723","pause",1,1
"3724","paying",1,1
"3725","peak",1,1
"3726","pearls",1,1
"3727","pee",1,1
"3728","penalty",1,1
"3729","pennant",1,1
"3730","pension",1,1
"3731","people’s",1,1
"3732","perceive",1,1
"3733","perceived",1,1
"3734","percentage",1,1
"3735","percentages",1,1
"3736","perception",1,1
"3737","perf",1,1
"3738","performs",1,1
"3739","period",1,1
"3740","periods",1,1
"3741","permalink",1,1
"3742","permissions",1,1
"3743","persistence",1,1
"3744","persists",1,1
"3745","perspectives",1,1
"3746","pessimistic",1,1
"3747","pete's",1,1
"3748","pete’s",1,1
"3749","pg",1,1
"3750","phase",1,1
"3751","phases",1,1
"3752","phillipa",1,1
"3753","philly",1,1
"3754","philosophical",1,1
"3755","photographed",1,1
"3756","phrase",1,1
"3757","pieces",1,1
"3758","pierce",1,1
"3759","pierce's",1,1
"3760","pimp",1,1
"3761","pirates",1,1
"3762","pissed",1,1
"3763","pit",1,1
"3764","pitchers",1,1
"3765","pity",1,1
"3766","plane",1,1
"3767","planes",1,1
"3768","planner",1,1
"3769","plant's",1,1
"3770","platforms",1,1
"3771","playoff",1,1
"3772","playyyyyyyy",1,1
"3773","pleasing",1,1
"3774","pls",1,1
"3775","pneumatic",1,1
"3776","podcast",1,1
"3777","polished",1,1
"3778","polite",1,1
"3779","politic",1,1
"3780","politicalhumor",1,1
"3781","politicians",1,1
"3782","pollyanna",1,1
"3783","ponder",1,1
"3784","pool",1,1
"3785","pools",1,1
"3786","poor",1,1
"3787","poorly",1,1
"3788","pop",1,1
"3789","pops",1,1
"3790","pornography",1,1
"3791","portable",1,1
"3792","positively",1,1
"3793","possibility",1,1
"3794","postcard",1,1
"3795","potus",1,1
"3796","powerlanguage",1,1
"3797","ppl",1,1
"3798","practical",1,1
"3799","practicality",1,1
"3800","practically",1,1
"3801","practice",1,1
"3802","practices",1,1
"3803","pray",1,1
"3804","prayer",1,1
"3805","predecessor",1,1
"3806","predictable",1,1
"3807","preferred",1,1
"3808","prefers",1,1
"3809","prejudice",1,1
"3810","premier",1,1
"3811","premium",1,1
"3812","prepared",1,1
"3813","prepper",1,1
"3814","preppers",1,1
"3815","presidency",1,1
"3816","president's",1,1
"3817","presidential",1,1
"3818","press",1,1
"3819","pressing",1,1
"3820","prestige",1,1
"3821","prevalent",1,1
"3822","prevention",1,1
"3823","previously",1,1
"3824","price",1,1
"3825","prices",1,1
"3826","prick",1,1
"3827","prime",1,1
"3828","primetime",1,1
"3829","principles",1,1
"3830","print",1,1
"3831","printed",1,1
"3832","prioritize",1,1
"3833","privacypolicy",1,1
"3834","privately",1,1
"3835","privilege",1,1
"3836","privileges",1,1
"3837","pro",1,1
"3838","proactive",1,1
"3839","probationary",1,1
"3840","proceed",1,1
"3841","proceeding",1,1
"3842","produce",1,1
"3843","producers",1,1
"3844","producing",1,1
"3845","professed",1,1
"3846","professor",1,1
"3847","profit",1,1
"3848","profound",1,1
"3849","programmatic",1,1
"3850","progressive",1,1
"3851","prologsite",1,1
"3852","prologue",1,1
"3853","promised",1,1
"3854","prompt",1,1
"3855","prompted",1,1
"3856","prompts",1,1
"3857","prone",1,1
"3858","pronounce",1,1
"3859","prophecies",1,1
"3860","proponent",1,1
"3861","proportion",1,1
"3862","props",1,1
"3863","prosecute",1,1
"3864","prospects",1,1
"3865","protected",1,1
"3866","protectiveness",1,1
"3867","protest",1,1
"3868","prototypes",1,1
"3869","providing",1,1
"3870","provincial",1,1
"3871","prune",1,1
"3872","psalm",1,1
"3873","psyche",1,1
"3874","psychology",1,1
"3875","public's",1,1
"3876","publisher's",1,1
"3877","publishers",1,1
"3878","pulled",1,1
"3879","pulling",1,1
"3880","punches",1,1
"3881","punctuation",1,1
"3882","punishment",1,1
"3883","pure",1,1
"3884","purposeful",1,1
"3885","pw",1,1
"3886","qa",1,1
"3887","qualified",1,1
"3888","qualitative",1,1
"3889","quantitative",1,1
"3890","quarter",1,1
"3891","quarters",1,1
"3892","quebecois",1,1
"3893","questioner",1,1
"3894","queue",1,1
"3895","quiet",1,1
"3896","quip",1,1
"3897","quote",1,1
"3898","quotes",1,1
"3899","quoting",1,1
"3900","ra",1,1
"3901","rabbi",1,1
"3902","racist",1,1
"3903","radial",1,1
"3904","radio",1,1
"3905","railroads",1,1
"3906","raise",1,1
"3907","raised",1,1
"3908","raises",1,1
"3909","randomly",1,1
"3910","rapidly",1,1
"3911","rapist",1,1
"3912","rash's",1,1
"3913","rationale",1,1
"3914","rationally",1,1
"3915","rattle",1,1
"3916","rbi",1,1
"3917","reacting",1,1
"3918","reactions.html",1,1
"3919","reacts",1,1
"3920","realistic",1,1
"3921","realities",1,1
"3922","reasoning",1,1
"3923","recall",1,1
"3924","receiving",1,1
"3925","recently",1,1
"3926","recite",1,1
"3927","reclaim",1,1
"3928","recognizable",1,1
"3929","recommend",1,1
"3930","reconsidering",1,1
"3931","record",1,1
"3932","recorded",1,1
"3933","recorder",1,1
"3934","records",1,1
"3935","recoup",1,1
"3936","recruit",1,1
"3937","recycling",1,1
"3938","reddit.com",1,1
"3939","redditblog.com",1,1
"3940","redditors",1,1
"3941","reddits_first_pass_ranker",1,1
"3942","redesigned",1,1
"3943","redesigning",1,1
"3944","redo",1,1
"3945","refer",1,1
"3946","referenced",1,1
"3947","refine",1,1
"3948","refused",1,1
"3949","regarding_crossposts",1,1
"3950","registering",1,1
"3951","registrar",1,1
"3952","regrets",1,1
"3953","regrettably",1,1
"3954","regretted",1,1
"3955","regretting",1,1
"3956","regular",1,1
"3957","regularly",1,1
"3958","regulations",1,1
"3959","relate",1,1
"3960","relation",1,1
"3961","releasing",1,1
"3962","relieve",1,1
"3963","relive",1,1
"3964","reloading",1,1
"3965","relocated",1,1
"3966","reluctant",1,1
"3967","rely",1,1
"3968","remarkably",1,1
"3969","remembering",1,1
"3970","remote",1,1
"3971","removal",1,1
"3972","removes",1,1
"3973","reorganizing",1,1
"3974","repeat",1,1
"3975","repeats",1,1
"3976","replace",1,1
"3977","replaced",1,1
"3978","replete",1,1
"3979","replica",1,1
"3980","reply",1,1
"3981","replying",1,1
"3982","reported",1,1
"3983","representations",1,1
"3984","republican",1,1
"3985","repudiate",1,1
"3986","requested",1,1
"3987","res",1,1
"3988","resembled",1,1
"3989","resents",1,1
"3990","resets",1,1
"3991","residents",1,1
"3992","resilient",1,1
"3993","resolve",1,1
"3994","resort",1,1
"3995","responded",1,1
"3996","responsibility",1,1
"3997","responsive",1,1
"3998","restoring",1,1
"3999","restrained",1,1
"4000","restraining",1,1
"4001","restrict_sr",1,1
"4002","restricted",1,1
"4003","restriction",1,1
"4004","resubmissions",1,1
"4005","results",1,1
"4006","resume",1,1
"4007","resurrected",1,1
"4008","retains",1,1
"4009","retired",1,1
"4010","retreated",1,1
"4011","retrospect",1,1
"4012","returned",1,1
"4013","revealing",1,1
"4014","reveals",1,1
"4015","revenge",1,1
"4016","reviewed",1,1
"4017","revokes",1,1
"4018","reward",1,1
"4019","rewind",1,1
"4020","rewrites",1,1
"4021","rewritten",1,1
"4022","reynolds",1,1
"4023","rfuckthealtright_mod_made_a_detailed_post_of_his",1,1
"4024","rhmt",1,1
"4025","rick",1,1
"4026","rid",1,1
"4027","ride",1,1
"4028","riffing",1,1
"4029","riffs",1,1
"4030","rings",1,1
"4031","rip",1,1
"4032","rishi's",1,1
"4033","risk",1,1
"4034","roared",1,1
"4035","robbed",1,1
"4036","robert",1,1
"4037","robin",1,1
"4038","robust",1,1
"4039","roddenberry",1,1
"4040","roddenberry's",1,1
"4041","rolled",1,1
"4042","rollout",1,1
"4043","romulan",1,1
"4044","roosevelt",1,1
"4045","route",1,1
"4046","routes",1,1
"4047","routinely",1,1
"4048","royals",1,1
"4049","rscience_will_no_longer_be_hosting_amas",1,1
"4050","rthe_donald_is_imploding_following_trumps_progun",1,1
"4051","rubs",1,1
"4052","ruin",1,1
"4053","ruining",1,1
"4054","rumor",1,1
"4055","runners",1,1
"4056","rush",1,1
"4057","rushed",1,1
"4058","russell",1,1
"4059","russsell",1,1
"4060","sadness",1,1
"4061","safely",1,1
"4062","safer",1,1
"4063","sailing",1,1
"4064","sale",1,1
"4065","sales",1,1
"4066","sally",1,1
"4067","sally's",1,1
"4068","sanctioned",1,1
"4069","sandra",1,1
"4070","sanitized",1,1
"4071","santa",1,1
"4072","sarah",1,1
"4073","sat",1,1
"4074","satire",1,1
"4075","satisfied",1,1
"4076","satisfies",1,1
"4077","saturated",1,1
"4078","saturday",1,1
"4079","save",1,1
"4080","saved",1,1
"4081","scales",1,1
"4082","scaling",1,1
"4083","scared",1,1
"4084","scattered",1,1
"4085","scenery",1,1
"4086","schools",1,1
"4087","scientific",1,1
"4088","scrape",1,1
"4089","scream",1,1
"4090","screamed",1,1
"4091","screenshot",1,1
"4092","script",1,1
"4093","scrolled",1,1
"4094","scrubbing",1,1
"4095","scully",1,1
"4096","se",1,1
"4097","seasons",1,1
"4098","secretaries",1,1
"4099","secretary",1,1
"4100","seduces",1,1
"4101","seed",1,1
"4102","seeking",1,1
"4103","seemingly",1,1
"4104","seldom",1,1
"4105","selected",1,1
"4106","selection",1,1
"4107","sellouts",1,1
"4108","sentient",1,1
"4109","sentiments",1,1
"4110","seo",1,1
"4111","separating",1,1
"4112","separation",1,1
"4113","separatism",1,1
"4114","sequoia",1,1
"4115","seriousness",1,1
"4116","sets",1,1
"4117","settles",1,1
"4118","settling",1,1
"4119","severe",1,1
"4120","sexuality",1,1
"4121","sexualized",1,1
"4122","sexualizing",1,1
"4123","sexy",1,1
"4124","sfw",1,1
"4125","shades",1,1
"4126","shake",1,1
"4127","shakes",1,1
"4128","shampoo",1,1
"4129","she’s",1,1
"4130","shibboleth",1,1
"4131","shifts",1,1
"4132","shit's",1,1
"4133","shitty_watercolour",1,1
"4134","shock",1,1
"4135","shocked",1,1
"4136","shoes",1,1
"4137","shoot",1,1
"4138","shoreline",1,1
"4139","shorten",1,1
"4140","shorter",1,1
"4141","shotgun",1,1
"4142","shots",1,1
"4143","shoulder",1,1
"4144","shoulders",1,1
"4145","shouldn’t",1,1
"4146","shove",1,1
"4147","shoved",1,1
"4148","shower",1,1
"4149","showered",1,1
"4150","shown",1,1
"4151","showrunners",1,1
"4152","shrinking",1,1
"4153","shunted",1,1
"4154","shutting",1,1
"4155","shuttle",1,1
"4156","sidebar",1,1
"4157","signal",1,1
"4158","signals",1,1
"4159","signed",1,1
"4160","signing",1,1
"4161","signs",1,1
"4162","sil",1,1
"4163","silent",1,1
"4164","silo",1,1
"4165","silver",1,1
"4166","similarly",1,1
"4167","simplest",1,1
"4168","simplicity",1,1
"4169","simply_put_the_democrats_are_a_party_of_terrorists",1,1
"4170","singles",1,1
"4171","singular",1,1
"4172","sir",1,1
"4173","sites",1,1
"4174","sites.google.com",1,1
"4175","sits",1,1
"4176","skewed",1,1
"4177","skewing",1,1
"4178","ski",1,1
"4179","skip",1,1
"4180","skipped",1,1
"4181","skipping",1,1
"4182","slams",1,1
"4183","slant",1,1
"4184","slaps",1,1
"4185","slides",1,1
"4186","slights",1,1
"4187","slipping",1,1
"4188","slips",1,1
"4189","slots",1,1
"4190","slowed",1,1
"4191","slump",1,1
"4192","slumping",1,1
"4193","sluts",1,1
"4194","smack",1,1
"4195","smile",1,1
"4196","smoked",1,1
"4197","smoothly",1,1
"4198","sneaks",1,1
"4199","snippet",1,1
"4200","snow",1,1
"4201","snowfall",1,1
"4202","sock",1,1
"4203","sockpuppets",1,1
"4204","softball",1,1
"4205","sold",1,1
"4206","sole",1,1
"4207","solidarity",1,1
"4208","solve",1,1
"4209","solving",1,1
"4210","someone's",1,1
"4211","sons",1,1
"4212","soo",1,1
"4213","sooo",1,1
"4214","sophisticated",1,1
"4215","sophistication",1,1
"4216","sought",1,1
"4217","soul",1,1
"4218","source",1,1
"4219","source.gif",1,1
"4220","southwest",1,1
"4221","sovereigntist",1,1
"4222","spammer",1,1
"4223","spammy",1,1
"4224","spare",1,1
"4225","speaks",1,1
"4226","specifics",1,1
"4227","speeches",1,1
"4228","spell",1,1
"4229","spellings",1,1
"4230","spends",1,1
"4231","spiderwebs",1,1
"4232","spit",1,1
"4233","spitting",1,1
"4234","spock's",1,1
"4235","spoiled",1,1
"4236","spotlight",1,1
"4237","spots",1,1
"4238","spreck’s",1,1
"4239","spun",1,1
"4240","squad",1,1
"4241","squid",1,1
"4242","ssn's",1,1
"4243","stack",1,1
"4244","stadiums",1,1
"4245","staffed",1,1
"4246","stagecraft",1,1
"4247","stages",1,1
"4248","stairway",1,1
"4249","stake",1,1
"4250","stalking",1,1
"4251","staples",1,1
"4252","stargazer",1,1
"4253","stars",1,1
"4254","starter",1,1
"4255","stat",1,1
"4256","status",1,1
"4257","stave",1,1
"4258","staying",1,1
"4259","steady",1,1
"4260","stepping",1,1
"4261","steps",1,1
"4262","sterling",1,1
"4263","steve",1,1
"4264","stick",1,1
"4265","sticking",1,1
"4266","sticks",1,1
"4267","stoned",1,1
"4268","stood",1,1
"4269","storen",1,1
"4270","stores",1,1
"4271","stranger",1,1
"4272","strap",1,1
"4273","strapon",1,1
"4274","streamable.com",1,1
"4275","strengthening",1,1
"4276","stressful",1,1
"4277","stressing",1,1
"4278","stretch",1,1
"4279","striking",1,1
"4280","stripy",1,1
"4281","stroked",1,1
"4282","stromans",1,1
"4283","strongest",1,1
"4284","students",1,1
"4285","studied",1,1
"4286","studying",1,1
"4287","stumbles",1,1
"4288","stumped",1,1
"4289","stunk",1,1
"4290","stupidest",1,1
"4291","style",1,1
"4292","stylesheets",1,1
"4293","suasion",1,1
"4294","sub’s",1,1
"4295","subjective",1,1
"4296","submissions",1,1
"4297","submissive",1,1
"4298","subpoena",1,1
"4299","subpoenaed",1,1
"4300","subpoenas",1,1
"4301","subreddit's",1,1
"4302","subredditsimulator",1,1
"4303","subscribe",1,1
"4304","subscribed",1,1
"4305","subscribers",1,1
"4306","subsequently",1,1
"4307","substantive",1,1
"4308","subtle",1,1
"4309","suburbs",1,1
"4310","subways",1,1
"4311","successful",1,1
"4312","successor",1,1
"4313","suddenly",1,1
"4314","suffers",1,1
"4315","suffice",1,1
"4316","suicide",1,1
"4317","suited",1,1
"4318","summarized",1,1
"4319","sums",1,1
"4320","sunday",1,1
"4321","sunflower",1,1
"4322","sunlight",1,1
"4323","superstars",1,1
"4324","supporting",1,1
"4325","supremely",1,1
"4326","surfaces",1,1
"4327","surfacing",1,1
"4328","surgery",1,1
"4329","surprise",1,1
"4330","surrounded",1,1
"4331","surrounding",1,1
"4332","survey",1,1
"4333","surveys",1,1
"4334","suspected",1,1
"4335","suspensions",1,1
"4336","suss",1,1
"4337","swamped",1,1
"4338","swapped",1,1
"4339","swept",1,1
"4340","swimming",1,1
"4341","switched",1,1
"4342","sydney",1,1
"4343","syllables",1,1
"4344","sympathize",1,1
"4345","synonymous",1,1
"4346","t.co",1,1
"4347","table",1,1
"4348","tackled",1,1
"4349","tackling",1,1
"4350","tactic",1,1
"4351","tactics",1,1
"4352","tailspin",1,1
"4353","takeaway",1,1
"4354","takeover",1,1
"4355","tales",1,1
"4356","talks",1,1
"4357","tall",1,1
"4358","tape",1,1
"4359","tapping",1,1
"4360","targeting",1,1
"4361","taste",1,1
"4362","tax",1,1
"4363","taxi",1,1
"4364","taxpayer",1,1
"4365","teach",1,1
"4366","teammate",1,1
"4367","teased",1,1
"4368","technique",1,1
"4369","technologically",1,1
"4370","ted",1,1
"4371","teddy",1,1
"4372","tedium",1,1
"4373","temples",1,1
"4374","tempt",1,1
"4375","tended",1,1
"4376","tense",1,1
"4377","terrific",1,1
"4378","terrorist",1,1
"4379","terrorists",1,1
"4380","texas",1,1
"4381","texts",1,1
"4382","thankful",1,1
"4383","that'll",1,1
"4384","theory",1,1
"4385","theworldtheworld",1,1
"4386","thousand",1,1
"4387","threatened",1,1
"4388","thrive",1,1
"4389","throwing",1,1
"4390","thrown",1,1
"4391","throws",1,1
"4392","thursday",1,1
"4393","thy",1,1
"4394","tickets",1,1
"4395","tide",1,1
"4396","tiers",1,1
"4397","tigers",1,1
"4398","tiki",1,1
"4399","til",1,1
"4400","til_reddit_has_a_design_team",1,1
"4401","tilts",1,1
"4402","time_for_my_quarterly_inquisition_reddit_ceo_here",1,1
"4403","timeouts",1,1
"4404","timestamps",1,1
"4405","tina",1,1
"4406","tip",1,1
"4407","tired",1,1
"4408","titles",1,1
"4409","today's",1,1
"4410","toilet",1,1
"4411","tolerate",1,1
"4412","toll",1,1
"4413","tomatoes",1,1
"4414","tomorrow",1,1
"4415","tonight",1,1
"4416","tons",1,1
"4417","topics",1,1
"4418","tops",1,1
"4419","torn",1,1
"4420","toronto's",1,1
"4421","tossing",1,1
"4422","touched",1,1
"4423","tower",1,1
"4424","trace",1,1
"4425","tracked",1,1
"4426","tracks",1,1
"4427","traded",1,1
"4428","trades",1,1
"4429","tradition",1,1
"4430","traditional",1,1
"4431","tragedies",1,1
"4432","tragedy",1,1
"4433","transaction",1,1
"4434","transferable",1,1
"4435","transition",1,1
"4436","transitioned",1,1
"4437","transparencyreport",1,1
"4438","transparent",1,1
"4439","treacle",1,1
"4440","treasures",1,1
"4441","treatment",1,1
"4442","treatments",1,1
"4443","treats",1,1
"4444","trebuchets",1,1
"4445","tricky",1,1
"4446","trill",1,1
"4447","trimmed",1,1
"4448","triumph",1,1
"4449","troi",1,1
"4450","trot",1,1
"4451","troy's",1,1
"4452","truman's",1,1
"4453","trusts",1,1
"4454","trustworthy",1,1
"4455","tubes",1,1
"4456","tulo",1,1
"4457","tulowitzki",1,1
"4458","tune",1,1
"4459","turkey",1,1
"4460","tweet",1,1
"4461","twenty",1,1
"4462","twist",1,1
"4463","twitter",1,1
"4464","twok",1,1
"4465","typing",1,1
"4466","uber",1,1
"4467","uf",1,1
"4468","ummm",1,1
"4469","unaware",1,1
"4470","unblocking",1,1
"4471","uncen",1,1
"4472","uncharacteristic",1,1
"4473","uncheck",1,1
"4474","uncommon",1,1
"4475","uncontrollably",1,1
"4476","underlining",1,1
"4477","undermine",1,1
"4478","undermining",1,1
"4479","underpaid",1,1
"4480","understands",1,1
"4481","underwent",1,1
"4482","undid",1,1
"4483","undiscovered",1,1
"4484","undoes",1,1
"4485","unfiltered",1,1
"4486","unfold",1,1
"4487","unfortunate",1,1
"4488","unhealthy",1,1
"4489","unhelpful",1,1
"4490","unhittable",1,1
"4491","unilateral",1,1
"4492","uninformed",1,1
"4493","union",1,1
"4494","unlike",1,1
"4495","unprofitable",1,1
"4496","unreasonable",1,1
"4497","unrelated",1,1
"4498","unreported",1,1
"4499","unsatisfied",1,1
"4500","unspooled",1,1
"4501","unwelcome",1,1
"4502","unwind",1,1
"4503","upbringing",1,1
"4504","upcoming",1,1
"4505","update_on_sitewide_rules_regarding_violent_content",1,1
"4506","updates",1,1
"4507","upfront",1,1
"4508","upper",1,1
"4509","upside",1,1
"4510","upsides",1,1
"4511","uptime",1,1
"4512","upvoted",1,1
"4513","urban",1,1
"4514","urge",1,1
"4515","url",1,1
"4516","usareally.com",1,1
"4517","useable",1,1
"4518","userbase",1,1
"4519","username",1,1
"4520","uss",1,1
"4521","utility",1,1
"4522","utm_content",1,1
"4523","utm_medium",1,1
"4524","utm_name",1,1
"4525","utm_source",1,1
"4526","utterly",1,1
"4527","vacation",1,1
"4528","vague",1,1
"4529","vaguely",1,1
"4530","vain",1,1
"4531","validate",1,1
"4532","vans",1,1
"4533","varied",1,1
"4534","vector",1,1
"4535","vein",1,1
"4536","verbally",1,1
"4537","vested",1,1
"4538","vibrant",1,1
"4539","videos",1,1
"4540","viewed",1,1
"4541","viewing",1,1
"4542","viewpoint",1,1
"4543","vigilance",1,1
"4544","vigilant",1,1
"4545","villains",1,1
"4546","vin",1,1
"4547","vindicated",1,1
"4548","viral",1,1
"4549","virtue",1,1
"4550","visceral",1,1
"4551","visions",1,1
"4552","visited",1,1
"4553","visitors",1,1
"4554","volunteering",1,1
"4555","vorta",1,1
"4556","voters",1,1
"4557","vulcan",1,1
"4558","vy",1,1
"4559","wait",1,1
"4560","walked",1,1
"4561","walks",1,1
"4562","wand",1,1
"4563","wanderer",1,1
"4564","warcraft",1,1
"4565","warm",1,1
"4566","warn",1,1
"4567","warriors",1,1
"4568","washroom",1,1
"4569","wasteland",1,1
"4570","we_are_us_senator_ron_wyden_and_reddit_ceo_steve",1,1
"4571","we_conducted_an_opt_out_survey_on_new_reddit_here",1,1
"4572","we_had_a_security_incident_heres_what_you_need_to",1,1
"4573","we’ll",1,1
"4574","weak",1,1
"4575","weakest",1,1
"4576","weaknesses",1,1
"4577","weaponized",1,1
"4578","weapons",1,1
"4579","weather",1,1
"4580","website",1,1
"4581","websites",1,1
"4582","weed",1,1
"4583","weil",1,1
"4584","weirdest",1,1
"4585","welcoming",1,1
"4586","wesley",1,1
"4587","wesley's",1,1
"4588","westerners",1,1
"4589","whatnot",1,1
"4590","wherewithal",1,1
"4591","whichever",1,1
"4592","whims",1,1
"4593","whitey",1,1
"4594","whitman",1,1
"4595","who’s",1,1
"4596","wholesomememes",1,1
"4597","whoops",1,1
"4598","widespread",1,1
"4599","wilderness",1,1
"4600","will's",1,1
"4601","wilson",1,1
"4602","wince",1,1
"4603","winner",1,1
"4604","winning",1,1
"4605","wired",1,1
"4606","wisdom",1,1
"4607","wise",1,1
"4608","wisely",1,1
"4609","wishes",1,1
"4610","with_so_much_going_on_in_the_world_i_thought_id",1,1
"4611","wojnarowicz",1,1
"4612","woman's",1,1
"4613","wondering",1,1
"4614","woo",1,1
"4615","wordy",1,1
"4616","wore",1,1
"4617","worf",1,1
"4618","workplace",1,1
"4619","worldly",1,1
"4620","worldwide",1,1
"4621","wormhole",1,1
"4622","worship",1,1
"4623","wow",1,1
"4624","wowwwwwwwww",1,1
"4625","wrapped",1,1
"4626","wrath",1,1
"4627","wrecked",1,1
"4628","wrist",1,1
"4629","writer's",1,1
"4630","written",1,1
"4631","wrongs",1,1
"4632","wtf",1,1
"4633","www.buzzfeed.com",1,1
"4634","www.google.com",1,1
"4635","www.redditinc.com",1,1
"4636","www.sportsnet.ca",1,1
"4637","www.wired.com",1,1
"4638","yang",1,1
"4639","year's",1,1
"4640","yearbook",1,1
"4641","yearly",1,1
"4642","yelled",1,1
"4643","yelling",1,1
"4644","ying",1,1
"4645","york",1,1
"4646","you’ll",1,1
"4647","youtu.be",1,1
"4648","yta",1,1
"4649","zag",1,1
"4650","zaidi",1,1
"4651","ze",1,1
"4652","zealand",1,1
"4653","zelda",1,1
"4654","zeppelin",1,1
"4655","zigging",1,1
"4656","zoo",1,1
"4657","zou",1,1
"4658","zuckmemes",1,1
